"nsimul","eta","rho_type","ARI_true_bind","ARI_true_vi","ARI_true_p05","ARI_true_argmax","ARI_exp_bind","ARI_exp_vi","ARI_exp_p05","ARI_exp_argmax","threshold","TP","FP","FN","TN","SHD","STD_SHD","F1","Sensitivity","Specificity","F1_within","F1_between","Wasserstein","Frobenius","Relative_Frobenius"
1,"CSDA","None",NA,NA,NA,NA,NA,NA,NA,NA,0.324,112,0,174,494,174,0.223076923076923,0.562814070351759,0.391608391608392,1,0.6,0.542635658914729,0.318815917268757,54.7645829112699,0.299649711703117
1,"0","rho0_1",0.544991727122311,0.544991727122311,0.544991727122311,0.635190122070998,0.544991727122311,0.544991727122311,0.544991727122311,0.635190122070998,0.773,181,45,105,449,150,0.192307692307692,0.70703125,0.632867132867133,0.908906882591093,0.797546012269939,0.664756446991404,0.225887275800715,42.0315974699138,0.229979950448765
1,"0.5","rho0_1",0.906334059177661,0.729981378026071,0.845229906344251,0.879095418352695,0.906334059177661,0.729981378026071,0.845229906344251,0.879095418352695,0.779,196,22,90,472,112,0.143589743589744,0.777777777777778,0.685314685314685,0.955465587044534,0.840236686390533,0.746268656716418,0.223384246297485,31.4321742514779,0.171984181234753
1,"0.5","rho0_shift",0.467446964155084,0.516827544600534,0.530449630051224,0.495156898629648,0.532074126870991,0.472588773494205,0.44366982710541,0.458913238218008,0.804,177,40,109,454,149,0.191025641025641,0.703777335984095,0.618881118881119,0.919028340080972,0.782608695652174,0.666666666666667,0.229122543539482,44.3448482768375,0.242637125954233
1,"0.5","rho0_SM",0.686234256228153,0.745048665924168,0.745048665924168,0.612243024963289,0.834673586311435,0.853085545992101,0.853085545992101,0.858405596749194,0.766,184,19,102,475,121,0.155128205128205,0.752556237218814,0.643356643356643,0.961538461538462,0.804878048780488,0.726153846153846,0.223097655893813,32.3307789593514,0.176900983798294
1,"0.75","rho0_1",0.872122762148338,0.729981378026071,1,0.836233539371137,0.872122762148338,0.729981378026071,1,0.836233539371137,0.778,192,22,94,472,116,0.148717948717949,0.768,0.671328671328671,0.955465587044534,0.819277108433735,0.74251497005988,0.224272537193827,31.8612779510808,0.174332063625916
1,"0.75","rho0_shift",0.705669262814707,0.47261399150573,0.456723625557207,0.467446964155084,0.733954541496125,0.507900988732589,0.493778710717654,0.532074126870991,0.79,179,19,107,475,126,0.161538461538462,0.739669421487603,0.625874125874126,0.961538461538462,0.790123456790123,0.714285714285714,0.224043219277058,34.5779835689684,0.189196781147844
1,"0.75","rho0_SM",0.601971190295679,0.745048665924168,0.597597756495053,0.635029885890237,0.890205646566748,0.853085545992101,0.95671903129547,0.82230138348107,0.773,193,20,93,474,113,0.144871794871795,0.773547094188377,0.674825174825175,0.959514170040486,0.812121212121212,0.754491017964072,0.223888776081768,31.5779349429939,0.172781724954956
1,"0.9","rho0_1",1,0.729981378026071,1,0.850798403193613,1,0.729981378026071,1,0.850798403193613,0.782,193,27,93,467,120,0.153846153846154,0.762845849802372,0.674825174825175,0.945344129554656,0.833333333333333,0.727810650887574,0.224257926887069,33.4032901410768,0.182769332452078
1,"0.9","rho0_shift",0.659966960352423,0.565754698512138,0.624715693707354,0.744245524296675,0.713441784596394,0.804760599306292,0.786262331019364,0.749388753056235,0.778,185,19,101,475,120,0.153846153846154,0.755102040816326,0.646853146853147,0.961538461538462,0.847058823529412,0.70625,0.222529061753782,31.7046483271555,0.173475049490897
1,"0.9","rho0_SM",0.66449124888757,0.745048665924168,0.692949203942381,0.604511093356278,0.846143381852809,0.853085545992101,0.869292436388986,0.852401110145496,0.796,193,24,93,470,117,0.15,0.767395626242545,0.674825174825175,0.951417004048583,0.819277108433735,0.741839762611276,0.226145996906097,31.4263774196559,0.171952463308825
2,"CSDA","None",NA,NA,NA,NA,NA,NA,NA,NA,0.37,102,2,184,492,186,0.238461538461538,0.523076923076923,0.356643356643357,0.995951417004049,0.6,0.48,0.296997463102393,61.7863468634752,0.316049069356658
2,"0","rho0_1",0.553107899536972,0.570389953734303,0.434200673904905,0.553107899536972,0.553107899536972,0.570389953734303,0.434200673904905,0.553107899536972,0.778,175,25,111,469,136,0.174358974358974,0.720164609053498,0.611888111888112,0.949392712550607,0.812121212121212,0.672897196261682,0.20583638363726,34.292262725743,0.175411531362311
2,"0.5","rho0_1",0.970172540381791,0.729981378026071,0.970172540381791,0.906334059177661,0.970172540381791,0.729981378026071,0.970172540381791,0.906334059177661,0.763,173,18,113,476,131,0.167948717948718,0.725366876310273,0.604895104895105,0.963562753036437,0.847058823529412,0.657980456026059,0.210313988981512,34.4592148126914,0.176265523455804
2,"0.5","rho0_shift",0.643682485086258,0.516827544600534,0.413873589468028,0.659703331109172,0.609096352607326,0.472588773494205,0.370135113760292,0.56730409633748,0.77,172,19,114,475,133,0.170512820512821,0.721174004192872,0.601398601398601,0.961538461538462,0.790123456790123,0.685714285714286,0.203990584445101,32.8509921530642,0.16803915467539
2,"0.5","rho0_SM",0.865083025830258,0.729981378026071,0.845229906344251,0.745755003032141,0.617402678478529,0.661389621811785,0.764359170386446,0.643267964798004,0.771,175,10,111,484,121,0.155128205128205,0.743099787685775,0.611888111888112,0.979757085020243,0.833333333333333,0.693069306930693,0.205023820195134,31.9735028907821,0.163550628021961
2,"0.75","rho0_1",1,0.729981378026071,1,0.886001948684638,1,0.729981378026071,1,0.886001948684638,0.771,183,21,103,473,124,0.158974358974359,0.746938775510204,0.63986013986014,0.95748987854251,0.833333333333333,0.701863354037267,0.202483483085254,32.4476782353768,0.165976126274871
2,"0.75","rho0_shift",0.606603048546176,0.516827544600534,0.436539556061468,0.432140759592796,0.748846195127187,0.472588773494205,0.535694366982711,0.525847169743853,0.766,168,14,118,480,132,0.169230769230769,0.717948717948718,0.587412587412587,0.97165991902834,0.847058823529412,0.644295302013423,0.204534157125291,32.1740746226481,0.164576591077126
2,"0.75","rho0_SM",0.672112944162436,0.532183954783882,0.577760114022585,0.64867125667589,0.80905752753978,0.668120818498376,1,0.789748222403544,0.775,180,14,106,480,120,0.153846153846154,0.75,0.629370629370629,0.97165991902834,0.819277108433735,0.713375796178344,0.205750295617146,32.9155276009466,0.168369265926163
2,"0.9","rho0_1",0.919574873096447,0.729981378026071,1,0.872122762148338,0.919574873096447,0.729981378026071,1,0.872122762148338,0.767,179,17,107,477,124,0.158974358974359,0.742738589211618,0.625874125874126,0.965587044534413,0.840236686390533,0.690095846645367,0.203297587983112,31.3204143749792,0.160209954424878
2,"0.9","rho0_shift",0.692080800858062,0.616877056829903,0.661395348837209,0.678077498131074,0.720418082498172,0.752792594541584,0.901339285714286,0.83681276805595,0.754,175,13,111,481,124,0.158974358974359,0.738396624472574,0.611888111888112,0.973684210526316,0.819277108433735,0.694805194805195,0.203218941350609,31.7466944446686,0.162390459118065
2,"0.9","rho0_SM",0.627501516070346,0.745048665924168,0.657222023596711,0.572876900932474,0.870279259926547,0.853085545992101,0.893499365092369,0.827919952176265,0.778,190,11,96,483,107,0.137179487179487,0.780287474332649,0.664335664335664,0.977732793522267,0.86046511627907,0.736507936507937,0.202439077716466,31.150825422385,0.159342474255529
3,"CSDA","None",NA,NA,NA,NA,NA,NA,NA,NA,0.373,133,0,153,494,153,0.196153846153846,0.634844868735084,0.465034965034965,1,0.743589743589744,0.570342205323194,0.278312255730293,54.8346530050267,0.287726712734309
3,"0","rho0_1",0.544991727122311,0.544991727122311,0.544991727122311,0.539428887564899,0.544991727122311,0.544991727122311,0.544991727122311,0.539428887564899,0.774,199,41,87,453,128,0.164102564102564,0.756653992395437,0.695804195804196,0.917004048582996,0.867052023121387,0.702549575070821,0.233853186929453,34.0914589352452,0.178883659769956
3,"0.5","rho0_1",0.951627906976744,0.611174748631793,1,0.926103707446473,0.951627906976744,0.611174748631793,1,0.926103707446473,0.765,208,32,78,462,110,0.141025641025641,0.790874524714829,0.727272727272727,0.935222672064777,0.886363636363636,0.742857142857143,0.234072877124769,33.4752828229404,0.175650479334901
3,"0.5","rho0_shift",0.475756566425581,0.455517848704841,0.479670752114332,0.479670752114332,0.465883636448045,0.494701582151811,0.46939362431697,0.46939362431697,0.783,195,30,91,464,121,0.155128205128205,0.76320939334638,0.681818181818182,0.939271255060729,0.867052023121387,0.710059171597633,0.236033630301105,37.476822387106,0.196647235247045
3,"0.5","rho0_SM",0.926103707446473,0.729981378026071,0.745048665924168,0.657222023596711,0.625193642779276,0.661389621811785,0.853085545992101,0.840249047638553,0.782,199,43,87,451,130,0.166666666666667,0.753787878787879,0.695804195804196,0.912955465587045,0.853801169590643,0.705882352941177,0.234301149556817,34.0966620879154,0.178910961593376
3,"0.75","rho0_1",1,0.729981378026071,1,0.919574873096447,1,0.729981378026071,1,0.919574873096447,0.793,198,39,88,455,127,0.162820512820513,0.75717017208413,0.692307692307692,0.921052631578947,0.873563218390805,0.699140401146132,0.233716913811536,33.4701161832198,0.175623369101113
3,"0.75","rho0_shift",0.488588035157358,0.52159402351693,0.444964014150368,0.464674652872311,0.478363139506728,0.468106984748937,0.520434278402047,0.472054858360241,0.789,197,34,89,460,123,0.157692307692308,0.762088974854932,0.688811188811189,0.931174089068826,0.88,0.701754385964912,0.233347185684607,33.1577831560339,0.173984504801519
3,"0.75","rho0_SM",0.806229440789474,0.745048665924168,0.740485898742779,0.775,0.700502234714095,0.853085545992101,0.836843550221595,0.671065989847716,0.772,210,35,76,459,111,0.142307692307692,0.790960451977401,0.734265734265734,0.92914979757085,0.898876404494382,0.736543909348442,0.2327345232965,33.2104724012374,0.174260974196109
3,"0.9","rho0_1",1,0.704600540691713,1,0.906334059177661,1,0.704600540691713,1,0.906334059177661,0.784,207,36,79,458,115,0.147435897435897,0.782608695652174,0.723776223776224,0.927125506072874,0.898876404494382,0.723646723646724,0.232133828663253,32.4328776202925,0.170180802664065
3,"0.9","rho0_shift",0.589787722317843,0.393063583815029,0.40619727583227,0.57338652596358,0.863057616561326,0.608425949857844,0.578041579032519,0.849852162128865,0.787,200,28,86,466,114,0.146153846153846,0.778210116731518,0.699300699300699,0.94331983805668,0.867052023121387,0.733137829912023,0.233482094935857,32.8988389264101,0.172625780566238
3,"0.9","rho0_SM",0.702373536007974,0.544613350958361,0.577760114022585,0.64867125667589,0.834110791305704,0.750078789788843,1,0.789748222403544,0.794,201,36,85,458,121,0.155128205128205,0.768642447418738,0.702797202797203,0.927125506072874,0.873563218390805,0.716332378223496,0.233213366866891,32.9696004579914,0.172997078308708
4,"CSDA","None",NA,NA,NA,NA,NA,NA,NA,NA,0.274,110,1,176,493,177,0.226923076923077,0.554156171284635,0.384615384615385,0.997975708502024,0.492307692307692,0.584269662921348,0.286308292856999,63.900458047502,0.309830587727186
4,"0","rho0_1",0.570389953734303,0.434200673904905,0.253783752794817,0.570389953734303,0.570389953734303,0.434200673904905,0.253783752794817,0.570389953734303,0.776,158,29,128,465,157,0.201282051282051,0.668076109936575,0.552447552447552,0.941295546558704,0.735483870967742,0.635220125786163,0.224795354353817,45.6270477257993,0.221229322059505
4,"0.5","rho0_1",0.951627906976744,0.609378556794901,1,0.899620359050254,0.951627906976744,0.609378556794901,1,0.899620359050254,0.755,172,21,114,473,135,0.173076923076923,0.718162839248434,0.601398601398601,0.95748987854251,0.775,0.689655172413793,0.217514141422581,40.5409826668236,0.196568802016445
4,"0.5","rho0_shift",0.576961744007619,0.468119926682378,0.242439010805392,0.552957359009629,0.584755111989122,0.499566932922722,0.192316512964494,0.579991087344028,0.775,164,31,122,463,153,0.196153846153846,0.681912681912682,0.573426573426573,0.937246963562753,0.718954248366013,0.664634146341463,0.221043021281959,42.3416831475911,0.205299758027153
4,"0.5","rho0_SM",0.672112944162436,0.609378556794901,0.467148884870404,0.426774820970736,0.674274605803154,0.633109861591695,0.65650406504065,0.630211022029309,0.757,175,16,111,478,127,0.162820512820513,0.733752620545073,0.611888111888112,0.967611336032389,0.767295597484277,0.716981132075472,0.217696709911795,39.7661254742361,0.192811795154217
4,"0.75","rho0_1",0.912985274431058,0.729981378026071,1,0.886001948684638,0.912985274431058,0.729981378026071,1,0.886001948684638,0.759,177,23,109,471,132,0.169230769230769,0.728395061728395,0.618881118881119,0.953441295546559,0.759493670886076,0.713414634146341,0.217438809534088,39.4681906400862,0.191367215137271
4,"0.75","rho0_shift",0.628480118001352,0.468119926682378,0.381676795892945,0.50024279702169,0.706489980226072,0.499566932922722,0.502449108822379,0.531219378356132,0.773,171,21,115,473,136,0.174358974358974,0.715481171548117,0.597902097902098,0.95748987854251,0.767295597484277,0.689655172413793,0.216873247728449,40.6908971417832,0.197295683971673
4,"0.75","rho0_SM",0.548719644145227,0.532183954783882,0.462745567800671,0.53289872650091,0.88197587245691,0.668120818498376,0.841203415710004,0.870279259926547,0.785,174,26,112,468,138,0.176923076923077,0.716049382716049,0.608391608391608,0.947368421052632,0.751592356687898,0.699088145896657,0.217283642163369,38.9465563080525,0.188837995838835
4,"0.9","rho0_1",0.886001948684638,0.729981378026071,1,0.857975236707939,0.886001948684638,0.729981378026071,1,0.857975236707939,0.76,179,23,107,471,130,0.166666666666667,0.733606557377049,0.625874125874126,0.953441295546559,0.759493670886076,0.721212121212121,0.216165366924698,38.4892396478241,0.186620630049208
4,"0.9","rho0_shift",0.659966960352423,0.544204592327788,0.653363151556855,0.6764181672915,0.713441784596394,0.550036964849788,0.811187650427421,0.706489980226072,0.751,168,25,118,469,143,0.183333333333333,0.701461377870564,0.587412587412587,0.949392712550607,0.759493670886076,0.672897196261682,0.217653993404681,38.8213115182595,0.188230728410447
4,"0.9","rho0_SM",0.642492185621544,0.745048665924168,0.563577586206897,0.580893346623474,0.88197587245691,0.853085545992101,0.990014977533699,0.834110791305704,0.765,184,19,102,475,121,0.155128205128205,0.752556237218814,0.643356643356643,0.961538461538462,0.790123456790123,0.73394495412844,0.21429975299857,37.1794641452448,0.180269994605357
5,"CSDA","None",NA,NA,NA,NA,NA,NA,NA,NA,0.381,105,0,181,494,181,0.232051282051282,0.537084398976982,0.367132867132867,1,0.657534246575342,0.46530612244898,0.310993077032089,58.635002393517,0.315917486014769
5,"0","rho0_1",0.617015578270767,0.532183954783882,0.617015578270767,0.617015578270767,0.617015578270767,0.532183954783882,0.617015578270767,0.617015578270767,0.787,166,21,120,473,141,0.180769230769231,0.701902748414376,0.58041958041958,0.95748987854251,0.812121212121212,0.642857142857143,0.219924839513342,34.1750147405292,0.184130370949543
5,"0.5","rho0_1",0.932572614107884,0.729981378026071,1,0.872122762148338,0.932572614107884,0.729981378026071,1,0.872122762148338,0.769,176,18,110,476,128,0.164102564102564,0.733333333333333,0.615384615384615,0.963562753036437,0.833333333333333,0.67948717948718,0.21691555652904,31.9787983000134,0.172297452926012
5,"0.5","rho0_shift",0.749457514846962,0.729981378026071,0.530685920577617,0.533791777580597,0.451892472821968,0.514078110808356,0.444221278549294,0.485185585196386,0.761,169,21,117,473,138,0.176923076923077,0.710084033613445,0.590909090909091,0.95748987854251,0.804878048780488,0.66025641025641,0.216679827882254,33.0723436763208,0.178189327949868
5,"0.5","rho0_SM",0.850798403193613,0.745048665924168,0.745048665924168,0.731552863436123,0.649359406608227,0.853085545992101,0.853085545992101,0.771270579364082,0.768,173,19,113,475,132,0.169230769230769,0.723849372384937,0.604895104895105,0.961538461538462,0.826347305389222,0.668810289389068,0.214929034812941,32.6036442732885,0.175664038770057
5,"0.75","rho0_1",0.964046463032389,0.745048665924168,1,0.865083025830258,0.964046463032389,0.745048665924168,1,0.865083025830258,0.767,187,24,99,470,123,0.157692307692308,0.75251509054326,0.653846153846154,0.951417004048583,0.847058823529412,0.703363914373089,0.216866586048751,31.4335823227406,0.169359902762389
5,"0.75","rho0_shift",0.714929646098556,0.647148233931673,0.648639732006903,0.678023006219385,0.777410290932506,0.688106410753978,0.682484858203708,0.672940737979873,0.752,168,24,118,470,142,0.182051282051282,0.702928870292887,0.587412587412587,0.951417004048583,0.790123456790123,0.658227848101266,0.218867773748191,32.3277529048699,0.17417757328074
5,"0.75","rho0_SM",0.741993486226082,0.745048665924168,0.658306308191233,0.572876900932474,0.714855828547928,0.853085545992101,0.942864816691287,0.827919952176265,0.764,181,28,105,466,133,0.170512820512821,0.731313131313131,0.632867132867133,0.94331983805668,0.826347305389222,0.682926829268293,0.215785524833354,30.1907931697752,0.1626639223953
5,"0.9","rho0_1",0.97624413717488,0.745048665924168,1,0.879095418352695,0.97624413717488,0.745048665924168,1,0.879095418352695,0.771,185,20,101,474,121,0.155128205128205,0.753564154786151,0.646853146853147,0.959514170040486,0.847058823529412,0.70404984423676,0.214938272663937,30.8523992417604,0.166228566694125
5,"0.9","rho0_shift",0.74635152284264,0.60010133178923,0.689378456359702,0.701100024044241,0.786577487269134,0.733973115054864,0.864702736300429,0.70685592865093,0.77,175,25,111,469,136,0.174358974358974,0.720164609053498,0.611888111888112,0.949392712550607,0.819277108433735,0.66875,0.217069041419653,32.3070260545526,0.174065899806228
5,"0.9","rho0_SM",0.689069073144253,0.745048665924168,0.577760114022585,0.461946634323833,0.714855828547928,0.853085545992101,1,0.870279259926547,0.779,185,22,101,472,123,0.157692307692308,0.750507099391481,0.646853146853147,0.955465587044534,0.819277108433735,0.715596330275229,0.215398119745799,30.8236965044393,0.166073920215979
6,"CSDA","None",NA,NA,NA,NA,NA,NA,NA,NA,0.519,106,0,180,494,180,0.230769230769231,0.540816326530612,0.370629370629371,1,0.50381679389313,0.559386973180077,0.306198706147362,61.6209221101934,0.309172622129846
6,"0","rho0_1",0.854423292273236,0.729981378026071,0.729981378026071,0.854423292273236,0.854423292273236,0.729981378026071,0.729981378026071,0.854423292273236,0.771,177,24,109,470,133,0.170512820512821,0.726899383983573,0.618881118881119,0.951417004048583,0.812121212121212,0.683229813664596,0.221938235875674,37.0194999809487,0.185739120530823
6,"0.5","rho0_1",0.919574873096447,0.704600540691713,1,0.857975236707939,0.919574873096447,0.704600540691713,1,0.857975236707939,0.768,196,30,90,464,120,0.153846153846154,0.765625,0.685314685314685,0.939271255060729,0.847058823529412,0.725146198830409,0.220871297320819,35.9136770686537,0.180190839886887
6,"0.5","rho0_shift",0.899620359050254,0.729981378026071,0.586953702502918,0.779094827586207,0.597603794505359,0.514078110808356,0.433812309257375,0.572694111516415,0.761,187,24,99,470,123,0.157692307692308,0.75251509054326,0.653846153846154,0.951417004048583,0.833333333333333,0.711246200607903,0.221372187705826,36.3927532477197,0.182594524113113
6,"0.5","rho0_SM",0.865083025830258,0.745048665924168,0.745048665924168,0.919574873096447,0.617402678478529,0.853085545992101,0.853085545992101,0.539491684066527,0.749,188,21,98,473,119,0.152564102564103,0.75959595959596,0.657342657342657,0.95748987854251,0.826347305389222,0.725609756097561,0.221834209677323,34.9570382143498,0.175391065185568
6,"0.75","rho0_1",0.951627906976744,0.729981378026071,1,0.892843289371606,0.951627906976744,0.729981378026071,1,0.892843289371606,0.774,198,27,88,467,115,0.147435897435897,0.774951076320939,0.692307692307692,0.945344129554656,0.86046511627907,0.731563421828909,0.220106698351366,34.9705678162471,0.175458947689622
6,"0.75","rho0_shift",0.899620359050254,0.638321550144017,0.833708960224158,0.899620359050254,0.657662929653813,0.466204728450903,0.720336006556225,0.657662929653813,0.77,183,24,103,470,127,0.162820512820513,0.742393509127789,0.63986013986014,0.951417004048583,0.840236686390533,0.691358024691358,0.22158957313782,35.6198437616081,0.178716580643477
6,"0.75","rho0_SM",0.806229440789474,0.745048665924168,0.772790323475559,0.604511093356278,0.700502234714095,0.853085545992101,0.814634021015852,0.852401110145496,0.782,190,22,96,472,118,0.151282051282051,0.763052208835341,0.664335664335664,0.955465587044534,0.840236686390533,0.723404255319149,0.219996845540346,34.9233364153193,0.175221972072062
6,"0.9","rho0_1",0.912985274431058,0.729981378026071,1,0.857975236707939,0.912985274431058,0.729981378026071,1,0.857975236707939,0.77,196,26,90,468,116,0.148717948717949,0.771653543307087,0.685314685314685,0.947368421052632,0.840236686390533,0.737463126843658,0.220153435282346,34.8638138711134,0.174923327708463
6,"0.9","rho0_shift",0.74635152284264,0.604115720020302,0.74635152284264,0.828843427182499,0.786577487269134,0.635094918158452,0.786577487269134,0.704859433871124,0.768,193,22,93,472,115,0.147435897435897,0.770459081836327,0.674825174825175,0.955465587044534,0.853801169590643,0.727272727272727,0.220163358454148,34.3870900255294,0.172531445920205
6,"0.9","rho0_SM",0.806229440789474,0.745048665924168,0.657222023596711,0.72568893377579,0.700502234714095,0.853085545992101,0.893499365092369,0.624993990288306,0.763,205,21,81,473,102,0.130769230769231,0.80078125,0.716783216783217,0.95748987854251,0.873563218390805,0.763313609467456,0.220111358213676,33.5543257884156,0.168353191295193
7,"CSDA","None",NA,NA,NA,NA,NA,NA,NA,NA,0.509,105,1,181,493,182,0.233333333333333,0.535714285714286,0.367132867132867,0.997975708502024,0.537313432835821,0.534883720930233,0.33090743152289,65.9638708211215,0.33718753134269
7,"0","rho0_1",0.773794108125607,0.532183954783882,0.532183954783882,0.815878925218517,0.773794108125607,0.532183954783882,0.532183954783882,0.815878925218517,0.758,195,16,91,478,107,0.137179487179487,0.784708249496982,0.681818181818182,0.967611336032389,0.853801169590643,0.748466257668712,0.233857898810887,37.9144715394095,0.19380741156328
7,"0.5","rho0_1",0.912985274431058,0.729981378026071,1,0.899620359050254,0.912985274431058,0.729981378026071,1,0.899620359050254,0.754,203,25,83,469,108,0.138461538461538,0.78988326848249,0.70979020979021,0.949392712550607,0.853801169590643,0.75801749271137,0.227587361636467,34.3410940453344,0.175541377129823
7,"0.5","rho0_shift",0.932572614107884,0.729981378026071,0.499466887809501,0.779094827586207,0.635574444997061,0.514078110808356,0.457796185031791,0.572694111516415,0.76,193,21,93,473,114,0.146153846153846,0.772,0.674825174825175,0.95748987854251,0.797546012269939,0.759643916913947,0.229144232738308,36.7179977610353,0.187691396316991
7,"0.5","rho0_SM",0.872122762148338,0.745048665924168,0.845229906344251,0.857975236707939,0.624711316397229,0.853085545992101,0.764359170386446,0.610034922245769,0.757,195,21,91,473,112,0.143589743589744,0.776892430278884,0.681818181818182,0.95748987854251,0.840236686390533,0.744744744744745,0.230357864098191,35.6134335699607,0.182045195326027
7,"0.75","rho0_1",0.945333914776975,0.704600540691713,1,0.899620359050254,0.945333914776975,0.704600540691713,1,0.899620359050254,0.745,199,27,87,467,114,0.146153846153846,0.77734375,0.695804195804196,0.945344129554656,0.826347305389222,0.753623188405797,0.229916755652359,35.3603957443209,0.180751741823349
7,"0.75","rho0_shift",0.799557687515574,0.745048665924168,0.740814035916824,0.762441371748797,0.743562921230778,0.618035069501805,0.822507928832506,0.777410290932506,0.739,193,23,93,471,116,0.148717948717949,0.768924302788845,0.674825174825175,0.953441295546559,0.833333333333333,0.736526946107784,0.228579751468392,35.8601888784804,0.183306534484718
7,"0.75","rho0_SM",0.821380105848826,0.745048665924168,0.772790323475559,0.596709470304976,0.655450792828746,0.853085545992101,0.814634021015852,0.846350832266325,0.758,206,24,80,470,104,0.133333333333333,0.798449612403101,0.72027972027972,0.951417004048583,0.86046511627907,0.767441860465116,0.229373809843513,34.0627690018709,0.174118662950863
7,"0.9","rho0_1",0.982261976955731,0.745048665924168,0.982261976955731,0.872122762148338,0.982261976955731,0.745048665924168,0.982261976955731,0.872122762148338,0.762,200,24,86,470,110,0.141025641025641,0.784313725490196,0.699300699300699,0.951417004048583,0.847058823529412,0.752941176470588,0.230353909418714,36.3630112766037,0.185876811835281
7,"0.9","rho0_shift",0.74635152284264,0.661193226311668,0.756468553861919,0.728861815533338,0.786577487269134,0.693195227481316,0.772765605115074,0.80881748315886,0.757,202,24,84,470,108,0.138461538461538,0.7890625,0.706293706293706,0.951417004048583,0.88,0.741839762611276,0.229744366984237,34.7313676365184,0.177536338722002
7,"0.9","rho0_SM",0.821380105848826,0.745048665924168,0.772790323475559,0.843551514341111,0.655450792828746,0.853085545992101,0.814634021015852,0.59511916225325,0.764,202,28,84,466,112,0.143589743589744,0.782945736434108,0.706293706293706,0.94331983805668,0.853801169590643,0.747826086956522,0.23045922972762,35.7426099913347,0.182705506464361
8,"CSDA","None",NA,NA,NA,NA,NA,NA,NA,NA,0.414,117,2,169,492,171,0.219230769230769,0.577777777777778,0.409090909090909,0.995951417004049,0.666666666666667,0.527131782945736,0.275669947608633,56.2646002977902,0.292362414920311
8,"0","rho0_1",0.62756052141527,0.662550862915673,0.530685920577617,0.63938546161506,0.62756052141527,0.662550862915673,0.530685920577617,0.63938546161506,0.781,189,26,97,468,123,0.157692307692308,0.754491017964072,0.660839160839161,0.947368421052632,0.853801169590643,0.703030303030303,0.232288061251517,33.0515637479789,0.17174271110269
8,"0.5","rho0_1",0.97624413717488,0.729981378026071,1,0.899620359050254,0.97624413717488,0.729981378026071,1,0.899620359050254,0.775,193,36,93,458,129,0.165384615384615,0.749514563106796,0.674825174825175,0.927125506072874,0.88,0.682352941176471,0.231104202416125,29.6004933095464,0.153810240559931
8,"0.5","rho0_shift",0.769048559020924,0.729981378026071,0.729981378026071,0.788161559888579,0.47416446490344,0.514078110808356,0.514078110808356,0.548434870414002,0.773,192,35,94,459,129,0.165384615384615,0.748538011695906,0.671328671328671,0.92914979757085,0.905027932960894,0.664670658682635,0.231928872064008,30.6207466519557,0.159111686396898
8,"0.5","rho0_SM",0.926103707446473,0.729981378026071,0.729981378026071,0.938982414418925,0.625193642779276,0.661389621811785,0.661389621811785,0.53926954937516,0.768,194,32,92,462,124,0.158974358974359,0.7578125,0.678321678321678,0.935222672064777,0.886363636363636,0.69047619047619,0.230364669787684,29.8991412950391,0.155362076808436
8,"0.75","rho0_1",0.970172540381791,0.729981378026071,1,0.906334059177661,0.970172540381791,0.729981378026071,1,0.906334059177661,0.771,197,33,89,461,122,0.156410256410256,0.763565891472868,0.688811188811189,0.933198380566802,0.886363636363636,0.7,0.229891655166093,29.6209526442145,0.153916551463405
8,"0.75","rho0_shift",0.799557687515574,0.729981378026071,0.694438542441305,0.75356661424399,0.743562921230778,0.514078110808356,0.608348032084047,0.64020675901179,0.774,189,28,97,466,125,0.16025641025641,0.751491053677932,0.660839160839161,0.94331983805668,0.886363636363636,0.678899082568807,0.229895717046919,30.0476351591344,0.156133681413782
8,"0.75","rho0_SM",0.772790323475559,0.729981378026071,0.674589127686473,0.720454154481335,0.814634021015852,0.661389621811785,0.902904564315353,0.819630539919131,0.792,195,30,91,464,121,0.155128205128205,0.76320939334638,0.681818181818182,0.939271255060729,0.86046511627907,0.713864306784661,0.231310297904475,29.6960309588748,0.154306673800826
8,"0.9","rho0_1",0.964046463032389,0.729981378026071,1,0.906334059177661,0.964046463032389,0.729981378026071,1,0.906334059177661,0.777,197,32,89,462,121,0.155128205128205,0.76504854368932,0.688811188811189,0.935222672064777,0.88,0.705882352941177,0.232794713854508,30.7337072156468,0.159698652677947
8,"0.9","rho0_shift",0.74635152284264,0.553190069407368,0.577221627408994,0.756468553861919,0.786577487269134,0.549776194988075,0.666169509110953,0.772765605115074,0.792,186,32,100,462,132,0.169230769230769,0.738095238095238,0.65034965034965,0.935222672064777,0.867052023121387,0.670694864048338,0.230490915521717,28.8778171166963,0.150055066688104
8,"0.9","rho0_SM",0.843551514341111,0.729981378026071,0.692949203942381,0.588837209302326,0.677268897448243,0.661389621811785,0.869292436388986,0.840254237288136,0.785,212,24,74,470,98,0.125641025641026,0.812260536398467,0.741258741258741,0.951417004048583,0.898876404494382,0.767441860465116,0.22972253869196,28.7219873506252,0.149245343229946
9,"CSDA","None",NA,NA,NA,NA,NA,NA,NA,NA,0.403,99,0,187,494,187,0.23974358974359,0.514285714285714,0.346153846153846,1,0.558823529411765,0.48995983935743,0.31727298668379,72.2080496235413,0.342952658852087
9,"0","rho0_1",0.532183954783882,0.532183954783882,0.450512008251068,0.532183954783882,0.532183954783882,0.532183954783882,0.450512008251068,0.532183954783882,0.77,178,30,108,464,138,0.176923076923077,0.720647773279352,0.622377622377622,0.939271255060729,0.826347305389222,0.666666666666667,0.223202580154907,46.2720807516115,0.219769585345648
9,"0.5","rho0_1",0.970172540381791,0.729981378026071,0.970172540381791,0.912985274431058,0.970172540381791,0.729981378026071,0.970172540381791,0.912985274431058,0.773,169,24,117,470,141,0.180769230769231,0.705636743215031,0.590909090909091,0.951417004048583,0.826347305389222,0.641025641025641,0.219510274960539,42.6573764601692,0.202601520923783
9,"0.5","rho0_shift",0.653363151556855,0.487051386623165,0.397557518264093,0.400039277297722,0.73566271059839,0.468244022256755,0.422082120918202,0.466204728450903,0.778,178,16,108,478,124,0.158974358974359,0.741666666666667,0.622377622377622,0.967611336032389,0.782608695652174,0.721003134796238,0.220129177024666,43.0859056457586,0.204636823419277
9,"0.5","rho0_SM",0.657222023596711,0.532183954783882,0.532183954783882,0.5491643454039,0.893499365092369,0.668120818498376,0.668120818498376,0.979890428617467,0.787,180,25,106,469,131,0.167948717948718,0.733197556008147,0.629370629370629,0.949392712550607,0.812121212121212,0.693251533742331,0.217547557731962,41.1875679763563,0.195620654799369
9,"0.75","rho0_1",0.970172540381791,0.729981378026071,1,0.892843289371606,0.970172540381791,0.729981378026071,1,0.892843289371606,0.782,175,26,111,468,137,0.175641025641026,0.718685831622177,0.611888111888112,0.947368421052632,0.833333333333333,0.658307210031348,0.219577178954283,41.3596854152593,0.196438127832006
9,"0.75","rho0_shift",0.661395348837209,0.661193226311668,0.633088070096608,0.664433654968963,0.820089285714286,0.693195227481316,0.767192608772334,0.844612342472626,0.777,178,16,108,478,124,0.158974358974359,0.741666666666667,0.622377622377622,0.967611336032389,0.847058823529412,0.683870967741935,0.216280293710666,41.0722932753279,0.195073156765255
9,"0.75","rho0_SM",0.665923196276183,0.532183954783882,0.577760114022585,0.596709470304976,0.783209724843112,0.668120818498376,1,0.846350832266325,0.761,187,34,99,460,133,0.170512820512821,0.73767258382643,0.653846153846154,0.931174089068826,0.826347305389222,0.694117647058824,0.218061442406962,40.498661558548,0.19234868873853
9,"0.9","rho0_1",0.912985274431058,0.729981378026071,0.970172540381791,0.806229440789474,0.912985274431058,0.729981378026071,0.970172540381791,0.806229440789474,0.787,173,24,113,470,137,0.175641025641026,0.716356107660455,0.604895104895105,0.951417004048583,0.819277108433735,0.662460567823344,0.219186579413152,42.4941180150117,0.201826123746616
9,"0.9","rho0_shift",0.661395348837209,0.475106780565937,0.639326864766525,0.60588643971452,0.820089285714286,0.702682392916653,0.852218902572324,0.876036810558818,0.782,178,22,108,472,130,0.166666666666667,0.732510288065844,0.622377622377622,0.955465587044534,0.833333333333333,0.679245283018868,0.218145212350488,42.0706805001075,0.199815004178213
9,"0.9","rho0_SM",0.679782732268048,0.532183954783882,0.577760114022585,0.512084162638612,0.815393883756957,0.668120818498376,1,0.953949094725794,0.766,187,39,99,455,138,0.176923076923077,0.73046875,0.653846153846154,0.921052631578947,0.812121212121212,0.69164265129683,0.215636734124274,38.4467390645146,0.182603067872767
10,"CSDA","None",NA,NA,NA,NA,NA,NA,NA,NA,0.339,142,3,144,491,147,0.188461538461538,0.658932714617169,0.496503496503497,0.993927125506073,0.701986754966887,0.635714285714286,0.264059052483837,57.7160848585836,0.278158128405917
10,"0","rho0_1",0.570389953734303,0.570389953734303,0.434200673904905,0.535651705081547,0.570389953734303,0.570389953734303,0.434200673904905,0.535651705081547,0.799,189,50,97,444,147,0.188461538461538,0.72,0.660839160839161,0.898785425101215,0.853801169590643,0.655367231638418,0.235573484280744,42.373188876017,0.204214248787362
10,"0.5","rho0_1",0.945333914776975,0.729981378026071,0.854423292273236,0.919574873096447,0.945333914776975,0.729981378026071,0.854423292273236,0.919574873096447,0.798,200,43,86,451,129,0.165384615384615,0.756143667296786,0.699300699300699,0.912955465587045,0.86046511627907,0.705882352941177,0.232261884400174,38.4061014532984,0.185095183184943
10,"0.5","rho0_shift",0.553035844915874,0.570389953734303,0.434200673904905,0.488588035157358,0.504276550249465,0.423438005827129,0.344204739686793,0.478363139506728,0.788,190,42,96,452,138,0.176923076923077,0.733590733590734,0.664335664335664,0.91497975708502,0.873563218390805,0.662790697674419,0.232836232112776,40.0087497392924,0.192819020462148
10,"0.5","rho0_SM",0.678077498131074,0.570389953734303,0.530685920577617,0.75356661424399,0.701399424350267,0.635360857232903,0.623071726156964,0.726610673347786,0.781,193,44,93,450,137,0.175641025641026,0.738049713193117,0.674825174825175,0.910931174089069,0.847058823529412,0.685552407932011,0.231745999610379,37.4239994259792,0.180362019761053
10,"0.75","rho0_1",0.919574873096447,0.729981378026071,1,0.906334059177661,0.919574873096447,0.729981378026071,1,0.906334059177661,0.767,201,42,85,452,127,0.162820512820513,0.75992438563327,0.702797202797203,0.91497975708502,0.892655367231638,0.693181818181818,0.230881196232182,37.9651088743711,0.182969854159319
10,"0.75","rho0_shift",0.479546271108146,0.570389953734303,0.505641330166271,0.493355099788467,0.528410082525119,0.423438005827129,0.45129917259399,0.439044397748087,0.789,199,36,87,458,123,0.157692307692308,0.763915547024952,0.695804195804196,0.927125506072874,0.86046511627907,0.716332378223496,0.231886539205505,38.8418413631293,0.18719519738527
10,"0.75","rho0_SM",0.740814035916824,0.729981378026071,0.729981378026071,0.740814035916824,0.777991623859801,0.661389621811785,0.661389621811785,0.777991623859801,0.785,203,44,83,450,127,0.162820512820513,0.76172607879925,0.70979020979021,0.910931174089069,0.892655367231638,0.696629213483146,0.23069032775868,37.7640895923368,0.182001057550866
10,"0.9","rho0_1",0.951627906976744,0.745048665924168,1,0.879095418352695,0.951627906976744,0.745048665924168,1,0.879095418352695,0.797,205,40,81,454,121,0.155128205128205,0.772128060263653,0.716783216783217,0.919028340080972,0.873563218390805,0.722689075630252,0.23138375878647,37.0196446250311,0.178413263622807
10,"0.9","rho0_shift",0.612243024963289,0.423152216470179,0.478218465539662,0.678077498131074,0.713441784596394,0.555126756359139,0.572987505930729,0.708594228671339,0.779,199,42,87,452,129,0.165384615384615,0.755218216318786,0.695804195804196,0.91497975708502,0.853801169590643,0.707865168539326,0.231569141366326,37.8917885121591,0.18261649244435
10,"0.9","rho0_SM",0.691136539953452,0.532183954783882,0.577760114022585,0.541026099392206,0.783209724843112,0.668120818498376,1,0.893499365092369,0.775,203,50,83,444,133,0.170512820512821,0.753246753246753,0.70979020979021,0.898785425101215,0.847058823529412,0.710027100271003,0.230027647758567,37.5559191876489,0.180997796669617
11,"CSDA","None",NA,NA,NA,NA,NA,NA,NA,NA,0.424,123,1,163,493,164,0.21025641025641,0.6,0.43006993006993,0.997975708502024,0.619718309859155,0.58955223880597,0.272120138718669,53.9977765682117,0.286411622332649
11,"0","rho0_1",0.635190122070998,0.544991727122311,0.416823751178134,0.599627560521415,0.635190122070998,0.544991727122311,0.416823751178134,0.599627560521415,0.779,180,37,106,457,143,0.183333333333333,0.715705765407555,0.629370629370629,0.925101214574899,0.775,0.688046647230321,0.21994401902363,35.5893385887041,0.188770739292576
11,"0.5","rho0_1",0.866374687164819,0.570389953734303,0.667154352596928,0.840357792601577,0.866374687164819,0.570389953734303,0.667154352596928,0.840357792601577,0.765,175,33,111,461,144,0.184615384615385,0.708502024291498,0.611888111888112,0.933198380566802,0.767295597484277,0.680597014925373,0.221114450995803,33.6252217028918,0.178352793601686
11,"0.5","rho0_shift",0.485754650341417,0.516827544600534,0.417345462850183,0.479373405160193,0.547293414550052,0.472588773494205,0.421609393919483,0.541319312324882,0.78,179,43,107,451,150,0.192307692307692,0.704724409448819,0.625874125874126,0.912955465587045,0.812121212121212,0.653061224489796,0.223648925659566,34.9322848248518,0.185285635897125
11,"0.5","rho0_SM",0.71962187958884,0.544991727122311,0.731794538361508,0.691136539953452,0.727703070671526,0.647406594746145,0.890093115554877,0.783209724843112,0.776,180,29,106,465,135,0.173076923076923,0.727272727272727,0.629370629370629,0.941295546558704,0.790123456790123,0.696696696696697,0.220890580371517,33.5232609904482,0.177811979980809
11,"0.75","rho0_1",0.886001948684638,0.729981378026071,1,0.912985274431058,0.886001948684638,0.729981378026071,1,0.912985274431058,0.767,182,28,104,466,132,0.169230769230769,0.733870967741935,0.636363636363636,0.94331983805668,0.812121212121212,0.694864048338369,0.221680648388947,33.5845635003603,0.178137136911944
11,"0.75","rho0_shift",0.498342650769307,0.54153605015674,0.523139390024454,0.498342650769307,0.54448030054908,0.478603912114405,0.529580195698246,0.54448030054908,0.782,172,34,114,460,148,0.18974358974359,0.699186991869919,0.601398601398601,0.931174089068826,0.790123456790123,0.654545454545455,0.223717537875049,35.6138179992744,0.188900581447954
11,"0.75","rho0_SM",0.892843289371606,0.532183954783882,0.465573217523296,0.719319106327054,0.646289551059815,0.668120818498376,0.70449769659743,0.694696689344986,0.785,186,24,100,470,124,0.158974358974359,0.75,0.65034965034965,0.951417004048583,0.819277108433735,0.715151515151515,0.221656906541222,33.8885030523443,0.179749274035123
11,"0.9","rho0_1",0.843551514341111,0.745048665924168,1,0.879095418352695,0.843551514341111,0.745048665924168,1,0.879095418352695,0.784,182,38,104,456,142,0.182051282051282,0.719367588932806,0.636363636363636,0.923076923076923,0.819277108433735,0.670588235294118,0.223144519567833,33.9744581936485,0.180205191908662
11,"0.9","rho0_shift",0.560516537735274,0.393063583815029,0.546108379537608,0.593085556370199,0.754580577181994,0.608425949857844,0.881222796086443,0.771606787786343,0.763,180,32,106,462,138,0.176923076923077,0.72289156626506,0.629370629370629,0.935222672064777,0.819277108433735,0.674698795180723,0.223255956379678,34.7490159447302,0.184313552588983
11,"0.9","rho0_SM",0.879095418352695,0.745048665924168,0.563577586206897,0.583220246980594,0.631961544699863,0.853085545992101,0.990014977533699,0.714855828547928,0.763,191,25,95,469,120,0.153846153846154,0.760956175298805,0.667832167832168,0.949392712550607,0.812121212121212,0.735905044510386,0.22096859615884,34.0891158715662,0.180813351978064
12,"CSDA","None",NA,NA,NA,NA,NA,NA,NA,NA,0.422,114,0,172,494,172,0.220512820512821,0.57,0.398601398601399,1,0.537313432835821,0.586466165413534,0.270519489171966,59.0916487477961,0.296286573082649
12,"0","rho0_1",0.535651705081547,0.434603010684355,0.212494002239164,0.591993929918146,0.535651705081547,0.434603010684355,0.212494002239164,0.591993929918146,0.781,175,32,111,462,143,0.183333333333333,0.709939148073022,0.611888111888112,0.935222672064777,0.743589743589744,0.694362017804154,0.225168351085743,43.8153167874026,0.219690774154517
12,"0.5","rho0_1",0.970172540381791,0.729981378026071,1,0.932572614107884,0.970172540381791,0.729981378026071,1,0.932572614107884,0.791,190,29,96,465,125,0.16025641025641,0.752475247524752,0.664335664335664,0.941295546558704,0.812121212121212,0.723529411764706,0.222205565831232,37.4148526892307,0.187598733841349
12,"0.5","rho0_shift",0.556111996357842,0.570389953734303,0.212494002239164,0.51990523528592,0.448686553873553,0.423438005827129,0.173855408042953,0.464613918449774,0.786,180,36,106,458,142,0.182051282051282,0.717131474103586,0.629370629370629,0.927125506072874,0.767295597484277,0.693877551020408,0.225965032808402,41.9458809766715,0.210317389899773
12,"0.5","rho0_SM",0.850798403193613,0.745048665924168,0.745048665924168,0.879095418352695,0.649359406608227,0.853085545992101,0.853085545992101,0.631961544699863,0.761,189,30,97,464,127,0.162820512820513,0.748514851485149,0.660839160839161,0.939271255060729,0.775,0.736231884057971,0.222764810270301,37.2121022429731,0.186582139513967
12,"0.75","rho0_1",0.951627906976744,0.593931930138827,0.951627906976744,0.872122762148338,0.951627906976744,0.593931930138827,0.951627906976744,0.872122762148338,0.798,186,28,100,466,128,0.164102564102564,0.744,0.65034965034965,0.94331983805668,0.775,0.729411764705882,0.223719304491251,40.1440581769924,0.201283018479581
12,"0.75","rho0_shift",0.609320557491289,0.570389953734303,0.444964014150368,0.540407231023423,0.596052907831199,0.423438005827129,0.520434278402047,0.464380853154636,0.784,178,23,108,471,131,0.167948717948718,0.731006160164271,0.622377622377622,0.953441295546559,0.790123456790123,0.701538461538462,0.225765292739181,41.5846947229974,0.208506395628782
12,"0.75","rho0_SM",0.657222023596711,0.745048665924168,0.772790323475559,0.627501516070346,0.893499365092369,0.853085545992101,0.814634021015852,0.870279259926547,0.785,189,44,97,450,141,0.180769230769231,0.728323699421965,0.660839160839161,0.910931174089069,0.790123456790123,0.700280112044818,0.224835724244788,35.6272060313674,0.17863544184722
12,"0.9","rho0_1",0.97624413717488,0.729981378026071,0.97624413717488,0.892843289371606,0.97624413717488,0.729981378026071,0.97624413717488,0.892843289371606,0.771,194,26,92,468,118,0.151282051282051,0.766798418972332,0.678321678321678,0.947368421052632,0.812121212121212,0.744868035190616,0.224493817575518,37.6731210803606,0.188893696127306
12,"0.9","rho0_shift",0.694024593313693,0.611061573118078,0.694024593313693,0.821380105848826,0.856483540072678,0.597905903107924,0.856483540072678,0.709816734872135,0.785,191,24,95,470,119,0.152564102564103,0.7624750499002,0.667832167832168,0.951417004048583,0.790123456790123,0.749262536873156,0.223385635504898,38.450467863375,0.192791326660838
12,"0.9","rho0_SM",0.741993486226082,0.745048665924168,0.657222023596711,0.742468589377499,0.714855828547928,0.853085545992101,0.893499365092369,0.640615814810696,0.783,196,35,90,459,125,0.16025641025641,0.758220502901354,0.685314685314685,0.92914979757085,0.804878048780488,0.736543909348442,0.224210139363164,35.7797191288734,0.179400145218473
13,"CSDA","None",NA,NA,NA,NA,NA,NA,NA,NA,0.381,157,0,129,494,129,0.165384615384615,0.708803611738149,0.548951048951049,1,0.735483870967742,0.694444444444444,0.28127699846278,40.709436111048,0.216785741925527
13,"0","rho0_1",0.570389953734303,0.434200673904905,0.434200673904905,0.570389953734303,0.570389953734303,0.434200673904905,0.434200673904905,0.570389953734303,0.8,201,69,85,425,154,0.197435897435897,0.723021582733813,0.702797202797203,0.860323886639676,0.867052023121387,0.657963446475196,0.248141839171607,30.8244710338702,0.164146361652157
13,"0.5","rho0_1",0.945333914776975,0.729981378026071,1,0.932572614107884,0.945333914776975,0.729981378026071,1,0.932572614107884,0.784,202,52,84,442,136,0.174358974358974,0.748148148148148,0.706293706293706,0.894736842105263,0.867052023121387,0.692098092643052,0.245930562406216,30.4362352714144,0.162078929974243
13,"0.5","rho0_shift",0.614759427828348,0.609378556794901,0.530685920577617,0.556152618734748,0.487585007116875,0.440004452359751,0.444221278549294,0.437068264351093,0.782,201,42,85,452,127,0.162820512820513,0.75992438563327,0.702797202797203,0.91497975708502,0.867052023121387,0.707865168539326,0.242745943513236,30.8553349065903,0.164310717835527
13,"0.5","rho0_SM",1,0.729981378026071,0.845229906344251,0.740814035916824,0.577760114022585,0.661389621811785,0.764359170386446,0.735704314118811,0.772,206,38,80,456,118,0.151282051282051,0.777358490566038,0.72027972027972,0.923076923076923,0.892655367231638,0.719546742209632,0.243313324860651,29.943383277957,0.159454396321414
13,"0.75","rho0_1",0.951627906976744,0.729981378026071,1,0.919574873096447,0.951627906976744,0.729981378026071,1,0.919574873096447,0.784,212,40,74,454,114,0.146153846153846,0.788104089219331,0.741258741258741,0.919028340080972,0.88,0.743801652892562,0.242739745805772,29.5735560041108,0.157484993460457
13,"0.75","rho0_shift",0.799557687515574,0.575262222974116,0.513375071143995,0.75356661424399,0.743562921230778,0.457596861410082,0.485499163413274,0.64020675901179,0.758,201,44,85,450,129,0.165384615384615,0.757062146892655,0.702797202797203,0.910931174089069,0.88,0.696629213483146,0.243934527788208,29.991102854024,0.159708512435276
13,"0.75","rho0_SM",0.926103707446473,0.729981378026071,0.845229906344251,0.892843289371606,0.625193642779276,0.661389621811785,0.764359170386446,0.646289551059815,0.783,209,42,77,452,119,0.152564102564103,0.778398510242086,0.730769230769231,0.91497975708502,0.88,0.729281767955801,0.244705111603769,30.1734478092132,0.160679535131077
13,"0.9","rho0_1",1,0.729981378026071,1,0.932572614107884,1,0.729981378026071,1,0.932572614107884,0.777,209,45,77,449,122,0.156410256410256,0.774074074074074,0.730769230769231,0.908906882591093,0.898876404494382,0.712707182320442,0.244302219019666,30.1498841468779,0.160554054001643
13,"0.9","rho0_shift",0.628480118001352,0.431230913789053,0.446118820468344,0.634953533462593,0.706489980226072,0.368220081575979,0.577190838071956,0.794645136584121,0.781,202,49,84,445,133,0.170512820512821,0.752327746741155,0.706293706293706,0.90080971659919,0.873563218390805,0.694214876033058,0.244286478793609,29.7505950573515,0.158427761186394
13,"0.9","rho0_SM",0.749848085882115,0.729981378026071,0.692949203942381,0.635029885890237,0.66278328934195,0.661389621811785,0.869292436388986,0.82230138348107,0.777,208,39,78,455,117,0.15,0.780487804878049,0.727272727272727,0.921052631578947,0.867052023121387,0.738888888888889,0.244008139696356,29.8026907373246,0.158705180912947
14,"CSDA","None",NA,NA,NA,NA,NA,NA,NA,NA,0.563,99,0,187,494,187,0.23974358974359,0.514285714285714,0.346153846153846,1,0.548148148148148,0.496,0.34808792477886,57.1267144996636,0.322464995287675
14,"0","rho0_1",0.701501603654388,0.532183954783882,0.532183954783882,0.677979887607217,0.701501603654388,0.532183954783882,0.532183954783882,0.677979887607217,0.774,178,21,108,473,129,0.165384615384615,0.734020618556701,0.622377622377622,0.95748987854251,0.819277108433735,0.689655172413793,0.221718727421181,30.5802405163424,0.172617263225534
14,"0.5","rho0_1",1,0.729981378026071,1,0.879095418352695,1,0.729981378026071,1,0.879095418352695,0.784,191,26,95,468,121,0.155128205128205,0.759443339960239,0.667832167832168,0.947368421052632,0.840236686390533,0.718562874251497,0.220437214448082,29.3825919811566,0.165856858174456
14,"0.5","rho0_shift",0.694736531190926,0.729981378026071,0.52681484502447,0.543875815140346,0.511896804289392,0.46866485013624,0.429144318010928,0.424400705662596,0.76,177,20,109,474,129,0.165384615384615,0.732919254658385,0.618881118881119,0.959514170040486,0.790123456790123,0.70404984423676,0.22409003363753,32.3656516012336,0.182695430368848
14,"0.5","rho0_SM",0.879095418352695,0.729981378026071,0.845229906344251,0.775,0.574455536059216,0.661389621811785,0.764359170386446,0.61015228426396,0.767,191,21,95,473,116,0.148717948717949,0.767068273092369,0.667832167832168,0.95748987854251,0.826347305389222,0.737160120845921,0.217722163149666,28.1141146177742,0.158696643367983
14,"0.75","rho0_1",0.964046463032389,0.729981378026071,1,0.899620359050254,0.964046463032389,0.729981378026071,1,0.899620359050254,0.763,193,17,93,477,110,0.141025641025641,0.778225806451613,0.674825174825175,0.965587044534413,0.847058823529412,0.742331288343558,0.217957973084977,28.8210947235679,0.162687356617992
14,"0.75","rho0_shift",0.74635152284264,0.656819035104186,0.62756052141527,0.736420218785364,0.786577487269134,0.553228781231027,0.568574023614896,0.729619749513949,0.75,185,22,101,472,123,0.157692307692308,0.750507099391481,0.646853146853147,0.955465587044534,0.804878048780488,0.723404255319149,0.219522585513229,29.1048268659345,0.164288948530856
14,"0.75","rho0_SM",0.806229440789474,0.729981378026071,0.740485898742779,0.775,0.700502234714095,0.661389621811785,0.836843550221595,0.524873096446701,0.77,192,17,94,477,111,0.142307692307692,0.775757575757576,0.671328671328671,0.965587044534413,0.812121212121212,0.757575757575758,0.218366294459061,28.3972487380901,0.160294859606622
14,"0.9","rho0_1",0.886001948684638,0.729981378026071,1,0.857975236707939,0.886001948684638,0.729981378026071,1,0.857975236707939,0.772,191,23,95,471,118,0.151282051282051,0.764,0.667832167832168,0.953441295546559,0.833333333333333,0.728915662650602,0.219006196101337,29.4648731939607,0.166321313572102
14,"0.9","rho0_shift",0.694024593313693,0.577821659687857,0.703743211792087,0.778364645316574,0.856483540072678,0.665045670314876,0.843162730267737,0.744862139392392,0.772,187,18,99,476,117,0.15,0.761710794297352,0.653846153846154,0.963562753036437,0.804878048780488,0.740061162079511,0.218860356651527,28.7466312971612,0.162267030529652
14,"0.9","rho0_SM",0.821380105848826,0.729981378026071,0.843551514341111,0.717165856842411,0.655450792828746,0.661389621811785,0.677268897448243,0.617080865310327,0.756,200,24,86,470,110,0.141025641025641,0.784313725490196,0.699300699300699,0.951417004048583,0.840236686390533,0.756598240469208,0.218562510811973,28.3479927833008,0.160016822940797
15,"CSDA","None",NA,NA,NA,NA,NA,NA,NA,NA,0.428,59,0,227,494,227,0.291025641025641,0.342028985507246,0.206293706293706,1,0.324786324786325,0.350877192982456,0.370090456031549,77.4887492275079,0.411784773333899
15,"0","rho0_1",0.687386874903036,0.504744841707356,0.504744841707356,0.687386874903036,0.687386874903036,0.504744841707356,0.504744841707356,0.687386874903036,0.766,137,9,149,485,158,0.202564102564103,0.634259259259259,0.479020979020979,0.981781376518219,0.710526315789474,0.592857142857143,0.238191106061968,47.7864219038498,0.253942941501621
15,"0.5","rho0_1",0.926103707446473,0.729981378026071,1,0.843551514341111,0.926103707446473,0.729981378026071,1,0.843551514341111,0.789,148,9,138,485,147,0.188461538461538,0.668171557562077,0.517482517482518,0.981781376518219,0.735483870967742,0.631944444444444,0.205138463893251,37.4698614501532,0.199119466476387
15,"0.5","rho0_shift",0.571090181038859,0.633493528740008,0.413873589468028,0.588449731389102,0.495410345109362,0.529253374496582,0.370135113760292,0.596589176071187,0.777,136,10,150,484,160,0.205128205128205,0.62962962962963,0.475524475524476,0.979757085020243,0.743589743589744,0.565217391304348,0.21859819678669,42.6796250525923,0.226804792998499
15,"0.5","rho0_SM",0.741993486226082,0.532183954783882,0.731794538361508,0.60588643971452,0.714855828547928,0.668120818498376,0.890093115554877,0.815393883756957,0.774,166,16,120,478,136,0.174358974358974,0.709401709401709,0.58041958041958,0.967611336032389,0.775,0.675324675324675,0.199876371773215,34.2251033040965,0.181876421376068
15,"0.75","rho0_1",0.886001948684638,0.729981378026071,0.821841242543129,0.821380105848826,0.886001948684638,0.729981378026071,0.821841242543129,0.821380105848826,0.789,158,13,128,481,141,0.180769230769231,0.691466083150985,0.552447552447552,0.973684210526316,0.782608695652174,0.641891891891892,0.203984800763783,36.3629566828699,0.193237237982032
15,"0.75","rho0_shift",0.645339395907762,0.515721318018537,0.496147280025839,0.614345403899721,0.83641447879447,0.52151915226266,0.555958876313298,0.569437899697072,0.783,140,9,146,485,155,0.198717948717949,0.64367816091954,0.48951048951049,0.981781376518219,0.759493670886076,0.577617328519856,0.209417495432191,39.0272295888955,0.207395512901224
15,"0.75","rho0_SM",0.741993486226082,0.745048665924168,0.577760114022585,0.495323804482089,0.714855828547928,0.853085545992101,1,0.910468319559229,0.778,174,17,112,477,129,0.165384615384615,0.729559748427673,0.608391608391608,0.965587044534413,0.804878048780488,0.690095846645367,0.200431690914141,33.8741314150822,0.180011313457755
15,"0.9","rho0_1",0.912985274431058,0.729981378026071,1,0.758902077151335,0.912985274431058,0.729981378026071,1,0.758902077151335,0.776,168,17,118,477,135,0.173076923076923,0.713375796178344,0.587412587412587,0.965587044534413,0.833333333333333,0.646864686468647,0.20109877949801,34.2938086473954,0.182241530046671
15,"0.9","rho0_shift",0.612659736476197,0.393063583815029,0.67085274458173,0.63746719160105,0.80881748315886,0.608425949857844,0.780214472031688,0.662985430600923,0.775,166,6,120,488,126,0.161538461538462,0.724890829694323,0.58041958041958,0.987854251012146,0.782608695652174,0.693602693602694,0.199359825074535,34.212156740074,0.181807621737609
15,"0.9","rho0_SM",0.741993486226082,0.532183954783882,0.577760114022585,0.641285528783725,0.714855828547928,0.668120818498376,1,0.624993990288306,0.784,177,15,109,479,124,0.158974358974359,0.740585774058577,0.618881118881119,0.969635627530364,0.804878048780488,0.707006369426752,0.197475927742097,34.5638209913784,0.183676408954549
16,"CSDA","None",NA,NA,NA,NA,NA,NA,NA,NA,0.43,105,2,181,492,183,0.234615384615385,0.534351145038168,0.367132867132867,0.995951417004049,0.50381679389313,0.549618320610687,0.296986825022,61.6604038143776,0.31006551826089
16,"0","rho0_1",0.701501603654388,0.532183954783882,0.532183954783882,0.629364557912521,0.701501603654388,0.532183954783882,0.532183954783882,0.629364557912521,0.769,186,33,100,461,133,0.170512820512821,0.736633663366337,0.65034965034965,0.933198380566802,0.782608695652174,0.715116279069767,0.218315970233503,36.909855899493,0.185604908343829
16,"0.5","rho0_1",0.872122762148338,0.544991727122311,0.951627906976744,0.912985274431058,0.872122762148338,0.544991727122311,0.951627906976744,0.912985274431058,0.774,183,33,103,461,136,0.174358974358974,0.729083665338645,0.63986013986014,0.933198380566802,0.775,0.707602339181287,0.217478800208349,33.5632867947903,0.168776350312174
16,"0.5","rho0_shift",0.487826603325416,0.532183954783882,0.397557518264093,0.483884738527214,0.520975468137611,0.426860479065862,0.422082120918202,0.465026178010471,0.791,184,35,102,459,137,0.175641025641026,0.728712871287129,0.643356643356643,0.92914979757085,0.759493670886076,0.714697406340058,0.219463697134918,34.9439002597966,0.17571890344293
16,"0.5","rho0_SM",0.872122762148338,0.532183954783882,0.731794538361508,0.604511093356278,0.624711316397229,0.668120818498376,0.890093115554877,0.852401110145496,0.766,190,27,96,467,123,0.157692307692308,0.755467196819085,0.664335664335664,0.945344129554656,0.804878048780488,0.731563421828909,0.216736053492023,33.3987092210348,0.16794875549372
16,"0.75","rho0_1",0.872122762148338,0.729981378026071,1,0.886001948684638,0.872122762148338,0.729981378026071,1,0.886001948684638,0.792,185,29,101,465,130,0.166666666666667,0.74,0.646853146853147,0.941295546558704,0.782608695652174,0.71976401179941,0.218571659583853,34.5889349305394,0.173933924721219
16,"0.75","rho0_shift",0.750965611761774,0.472820703318474,0.494313856109631,0.467446964155084,0.627000612699314,0.446320464847434,0.511147735054143,0.532074126870991,0.781,187,22,99,472,121,0.155128205128205,0.755555555555556,0.653846153846154,0.955465587044534,0.804878048780488,0.731117824773414,0.217305954548044,34.1915442038435,0.171935605637938
16,"0.75","rho0_SM",0.872122762148338,0.532183954783882,0.695873389241154,0.850798403193613,0.624711316397229,0.668120818498376,0.887953840813053,0.637671386828501,0.789,188,29,98,465,127,0.162820512820513,0.747514910536779,0.657342657342657,0.941295546558704,0.759493670886076,0.742028985507246,0.217982159842238,33.8544877198071,0.170240683338685
16,"0.9","rho0_1",0.872122762148338,0.611174748631793,0.970172540381791,0.775,0.872122762148338,0.611174748631793,0.970172540381791,0.775,0.767,185,33,101,461,134,0.171794871794872,0.734126984126984,0.646853146853147,0.933198380566802,0.782608695652174,0.711370262390671,0.217404584076004,33.629232942402,0.169107967122504
16,"0.9","rho0_shift",0.594114256436531,0.430215218442689,0.585933981082298,0.647255270298476,0.856483540072678,0.559265243811771,0.849852162128865,0.735299960270163,0.769,186,28,100,466,128,0.164102564102564,0.744,0.65034965034965,0.94331983805668,0.790123456790123,0.72189349112426,0.217726564273598,34.3812481013533,0.172889550692768
16,"0.9","rho0_SM",0.741993486226082,0.532183954783882,0.657222023596711,0.658944888635066,0.714855828547928,0.668120818498376,0.893499365092369,0.640615814810696,0.778,193,35,93,459,128,0.164102564102564,0.750972762645914,0.674825174825175,0.92914979757085,0.782608695652174,0.736543909348442,0.219418567185589,34.6732029316247,0.174357674807384
17,"CSDA","None",NA,NA,NA,NA,NA,NA,NA,NA,0.312,118,1,168,493,169,0.216666666666667,0.582716049382716,0.412587412587413,0.997975708502024,0.537313432835821,0.605166051660517,0.331327486668346,54.7244710645396,0.305722634426104
17,"0","rho0_1",1,0.729981378026071,0.729981378026071,1,1,0.729981378026071,0.729981378026071,1,0.756,182,24,104,470,128,0.164102564102564,0.739837398373984,0.636363636363636,0.951417004048583,0.797546012269939,0.711246200607903,0.232868130453253,32.4757194860071,0.181428204293395
17,"0.5","rho0_1",1,0.729981378026071,1,0.906334059177661,1,0.729981378026071,1,0.906334059177661,0.764,198,29,88,465,117,0.15,0.771929824561403,0.692307692307692,0.941295546558704,0.853801169590643,0.730994152046784,0.23387116214627,32.6732756185554,0.182531867428274
17,"0.5","rho0_shift",0.932572614107884,0.729981378026071,0.845229906344251,0.785348670812923,0.635574444997061,0.514078110808356,0.584755111989122,0.62102656940525,0.744,189,21,97,473,118,0.151282051282051,0.762096774193548,0.660839160839161,0.95748987854251,0.847058823529412,0.717791411042945,0.232607750377191,32.6990889423286,0.182676075626064
17,"0.5","rho0_SM",0.843551514341111,0.745048665924168,0.845229906344251,0.798539844341897,0.606854838709677,0.853085545992101,0.764359170386446,0.536845676917857,0.756,194,24,92,470,116,0.148717948717949,0.76984126984127,0.678321678321678,0.951417004048583,0.840236686390533,0.734328358208955,0.23405612562616,32.9763345007249,0.184224930111947
17,"0.75","rho0_1",0.926103707446473,0.729981378026071,1,0.843551514341111,0.926103707446473,0.729981378026071,1,0.843551514341111,0.757,197,26,89,468,115,0.147435897435897,0.774066797642436,0.688811188811189,0.947368421052632,0.840236686390533,0.741176470588235,0.233692022621421,32.9476425701351,0.184064640346947
17,"0.75","rho0_shift",0.74635152284264,0.677647340680402,0.697764846639113,0.736340728904185,0.786577487269134,0.562591272854723,0.63039500875311,0.671959389664433,0.767,184,28,102,466,130,0.166666666666667,0.738955823293173,0.643356643356643,0.94331983805668,0.812121212121212,0.702702702702703,0.232942545117902,32.3653169372106,0.180811431624626
17,"0.75","rho0_SM",0.806229440789474,0.745048665924168,0.577760114022585,0.750727931254883,0.700502234714095,0.853085545992101,1,0.648326267164462,0.759,192,24,94,470,118,0.151282051282051,0.764940239043825,0.671328671328671,0.951417004048583,0.840236686390533,0.726726726726727,0.23135895052041,33.0031518340498,0.184374747289397
17,"0.9","rho0_1",0.899620359050254,0.729981378026071,1,0.886001948684638,0.899620359050254,0.729981378026071,1,0.886001948684638,0.773,202,27,84,467,111,0.142307692307692,0.784466019417476,0.706293706293706,0.945344129554656,0.86046511627907,0.746355685131195,0.23207485128269,31.985356723086,0.178688753499473
17,"0.9","rho0_shift",0.799557687515574,0.611061573118078,0.731609464683144,0.785458317615994,0.743562921230778,0.597905903107924,0.702873911877989,0.729619749513949,0.756,184,26,102,468,128,0.164102564102564,0.741935483870968,0.643356643356643,0.947368421052632,0.833333333333333,0.695121951219512,0.235102908048965,33.4015863885472,0.186600633794608
17,"0.9","rho0_SM",0.806229440789474,0.745048665924168,0.657222023596711,0.556622244678835,0.700502234714095,0.853085545992101,0.893499365092369,0.815393883756957,0.752,192,24,94,470,118,0.151282051282051,0.764940239043825,0.671328671328671,0.951417004048583,0.812121212121212,0.741839762611276,0.234181717740618,33.049977810783,0.184636344353526
18,"CSDA","None",NA,NA,NA,NA,NA,NA,NA,NA,0.326,94,1,192,493,193,0.247435897435897,0.493438320209974,0.328671328671329,0.997975708502024,0.50381679389313,0.488,0.306432106424029,55.4881025043348,0.297225819903363
18,"0","rho0_1",0.50501485884101,0.410392197986577,0.410392197986577,0.573494621256082,0.50501485884101,0.410392197986577,0.410392197986577,0.573494621256082,0.777,180,45,106,449,151,0.193589743589744,0.704500978473581,0.629370629370629,0.908906882591093,0.759493670886076,0.679886685552408,0.229556353398712,36.6000784580343,0.196050825983224
18,"0.5","rho0_1",0.850798403193613,0.611174748631793,0.825021753317381,0.906334059177661,0.850798403193613,0.611174748631793,0.825021753317381,0.906334059177661,0.775,157,26,129,468,155,0.198717948717949,0.669509594882729,0.548951048951049,0.947368421052632,0.727272727272727,0.641269841269841,0.227778688074023,36.2847557146037,0.194361778120342
18,"0.5","rho0_shift",0.52901023890785,0.393762376237624,0.325005380586843,0.494313856109631,0.508278145695364,0.452498172069218,0.370538208454901,0.511147735054143,0.782,161,22,125,472,147,0.188461538461538,0.686567164179104,0.562937062937063,0.955465587044534,0.735483870967742,0.662420382165605,0.227279441962189,35.6381002554289,0.190897923881801
18,"0.5","rho0_SM",0.786891540642722,0.532183954783882,0.465573217523296,0.752762180764354,0.777991623859801,0.668120818498376,0.70449769659743,0.746914091624555,0.794,165,27,121,467,148,0.18974358974359,0.690376569037657,0.576923076923077,0.945344129554656,0.759493670886076,0.65625,0.227454515706125,34.5463015636286,0.185049629442207
18,"0.75","rho0_1",0.708767716996603,0.532183954783882,0.617015578270767,0.906334059177661,0.708767716996603,0.532183954783882,0.617015578270767,0.906334059177661,0.775,158,20,128,474,148,0.18974358974359,0.681034482758621,0.552447552447552,0.959514170040486,0.727272727272727,0.658064516129032,0.227434582386039,35.0139074555745,0.187554392415754
18,"0.75","rho0_shift",0.583506377929398,0.335739030023095,0.35948331452523,0.35929507523429,0.760531200913894,0.474597979222997,0.458746790646034,0.363884332553125,0.787,161,18,125,476,143,0.183333333333333,0.69247311827957,0.562937062937063,0.963562753036437,0.751592356687898,0.662337662337662,0.2271571693435,34.7892698071406,0.186351105472725
18,"0.75","rho0_SM",0.787987612018977,0.532183954783882,0.658306308191233,0.481293008731857,0.617402678478529,0.668120818498376,0.942864816691287,0.932522359454855,0.779,171,25,115,469,140,0.179487179487179,0.70954356846473,0.597902097902098,0.949392712550607,0.743589743589744,0.693251533742331,0.229134105592734,35.2315528650821,0.18872022495227
18,"0.9","rho0_1",0.865083025830258,0.611174748631793,0.970172540381791,0.806229440789474,0.865083025830258,0.611174748631793,0.970172540381791,0.806229440789474,0.79,168,28,118,466,146,0.187179487179487,0.697095435684647,0.587412587412587,0.94331983805668,0.718954248366013,0.68693009118541,0.227758654747769,35.2418142646719,0.188775190841691
18,"0.9","rho0_shift",0.594114256436531,0.393063583815029,0.598613292887709,0.639160353900422,0.856483540072678,0.608425949857844,0.861912505245489,0.798823332589784,0.778,155,22,131,472,153,0.196153846153846,0.669546436285097,0.541958041958042,0.955465587044534,0.727272727272727,0.640776699029126,0.226677294417021,35.0245439707437,0.187611367637457
18,"0.9","rho0_SM",0.752775493421053,0.532183954783882,0.577760114022585,0.588837209302326,0.700502234714095,0.668120818498376,1,0.840254237288136,0.796,170,33,116,461,149,0.191025641025641,0.695296523517382,0.594405594405594,0.933198380566802,0.743589743589744,0.672672672672673,0.228481174241752,34.727128909447,0.186018243499925
19,"CSDA","None",NA,NA,NA,NA,NA,NA,NA,NA,0.41,110,0,176,494,176,0.225641025641026,0.555555555555556,0.384615384615385,1,0.548148148148148,0.559386973180077,0.320238710399387,71.551442243287,0.341342575993666
19,"0","rho0_1",0.941648213537614,0.729981378026071,0.729981378026071,0.815878925218517,0.941648213537614,0.729981378026071,0.729981378026071,0.815878925218517,0.763,183,22,103,472,125,0.16025641025641,0.745417515274949,0.63986013986014,0.955465587044534,0.853801169590643,0.6875,0.230679910915455,40.1739345642943,0.191653359905037
19,"0.5","rho0_1",0.945333914776975,0.729981378026071,1,0.932572614107884,0.945333914776975,0.729981378026071,1,0.932572614107884,0.757,199,28,87,466,115,0.147435897435897,0.775828460038986,0.695804195804196,0.94331983805668,0.886363636363636,0.718100890207715,0.229601450453635,36.1333906762797,0.172377582703219
19,"0.5","rho0_shift",0.964046463032389,0.729981378026071,0.845229906344251,0.964046463032389,0.614408405395036,0.514078110808356,0.584755111989122,0.556857421125638,0.77,191,26,95,468,121,0.155128205128205,0.759443339960239,0.667832167832168,0.947368421052632,0.867052023121387,0.703030303030303,0.229818203254027,40.2472673386473,0.192003200485711
19,"0.5","rho0_SM",0.964046463032389,0.638321550144017,0.845229906344251,0.821380105848826,0.579069832637156,0.577513202712415,0.764359170386446,0.560402735678055,0.745,202,24,84,470,108,0.138461538461538,0.7890625,0.706293706293706,0.951417004048583,0.873563218390805,0.745562130177515,0.228853618421117,35.3616926814143,0.168696128169279
19,"0.75","rho0_1",0.926103707446473,0.729981378026071,0.964046463032389,0.886001948684638,0.926103707446473,0.729981378026071,0.964046463032389,0.886001948684638,0.758,199,31,87,463,118,0.151282051282051,0.771317829457364,0.695804195804196,0.937246963562753,0.88,0.715542521994135,0.229888056516271,37.0982984075809,0.176980761622781
19,"0.75","rho0_shift",0.705669262814707,0.701501603654388,0.685602192723169,0.740814035916824,0.733954541496125,0.575198607674366,0.670016401551639,0.711575384352822,0.777,187,24,99,470,123,0.157692307692308,0.75251509054326,0.653846153846154,0.951417004048583,0.847058823529412,0.703363914373089,0.230594889944546,39.2037746134783,0.187025124800964
19,"0.75","rho0_SM",0.798539844341897,0.729981378026071,0.772790323475559,0.798539844341897,0.633085536259601,0.661389621811785,0.814634021015852,0.633085536259601,0.766,194,26,92,468,118,0.151282051282051,0.766798418972332,0.678321678321678,0.947368421052632,0.840236686390533,0.729970326409496,0.230487840309211,36.77814423982,0.175453437435981
19,"0.9","rho0_1",0.906334059177661,0.729981378026071,0.982261976955731,0.857975236707939,0.906334059177661,0.729981378026071,0.982261976955731,0.857975236707939,0.762,189,30,97,464,127,0.162820512820513,0.748514851485149,0.660839160839161,0.939271255060729,0.819277108433735,0.713864306784661,0.230651639470384,37.6964557851186,0.179834325068841
19,"0.9","rho0_shift",0.74635152284264,0.62077698882909,0.694024593313693,0.688193447330636,0.786577487269134,0.512532354047298,0.856483540072678,0.829606628489397,0.751,193,28,93,466,121,0.155128205128205,0.761341222879684,0.674825174825175,0.94331983805668,0.873563218390805,0.702702702702703,0.230192655147886,37.0861473094393,0.1769227937187
19,"0.9","rho0_SM",0.718670076726343,0.729981378026071,0.678842421034057,0.67623993217465,0.70554272517321,0.661389621811785,0.857802625182304,0.655970889844525,0.77,204,22,82,472,104,0.133333333333333,0.796875,0.713286713286713,0.955465587044534,0.873563218390805,0.757396449704142,0.229739199916809,35.5906741977709,0.169788505041045
20,"CSDA","None",NA,NA,NA,NA,NA,NA,NA,NA,0.317,82,1,204,493,205,0.262820512820513,0.444444444444444,0.286713286713287,0.997975708502024,0.432,0.450819672131148,0.30189826301509,73.7434735194526,0.336635172935157
20,"0","rho0_1",0.544991727122311,0.544991727122311,0.253212674817736,0.511088056023862,0.544991727122311,0.544991727122311,0.253212674817736,0.511088056023862,0.767,147,14,139,480,153,0.196153846153846,0.657718120805369,0.513986013986014,0.97165991902834,0.701986754966887,0.635135135135135,0.174943047763374,43.0943090006849,0.196723309475514
20,"0.5","rho0_1",0.912985274431058,0.729981378026071,0.854423292273236,0.729370265425317,0.912985274431058,0.729981378026071,0.854423292273236,0.729370265425317,0.785,150,9,136,485,145,0.185897435897436,0.674157303370786,0.524475524475524,0.981781376518219,0.759493670886076,0.627177700348432,0.174642076935888,42.0259959411482,0.191846515172474
20,"0.5","rho0_shift",0.60588643971452,0.497401091112161,0.40619727583227,0.596709470304976,0.628110431676455,0.453620409969031,0.578041579032519,0.699479869004045,0.775,149,12,137,482,149,0.191025641025641,0.666666666666667,0.520979020979021,0.975708502024291,0.718954248366013,0.639455782312925,0.173791459584406,41.5706910015444,0.189768071484284
20,"0.5","rho0_SM",0.703743211792087,0.570389953734303,0.530685920577617,0.546396965865992,0.646289551059815,0.635360857232903,0.623071726156964,0.449792531120332,0.776,152,11,134,483,145,0.185897435897436,0.677060133630289,0.531468531468531,0.977732793522267,0.759493670886076,0.632302405498282,0.173905978803557,41.7538605575499,0.190604231109259
20,"0.75","rho0_1",0.879095418352695,0.729981378026071,1,0.850798403193613,0.879095418352695,0.729981378026071,1,0.850798403193613,0.774,151,14,135,480,149,0.191025641025641,0.669623059866962,0.527972027972028,0.97165991902834,0.751592356687898,0.625850340136054,0.174692004418839,42.7940993531402,0.195352867837837
20,"0.75","rho0_shift",0.58793696794059,0.516827544600534,0.453402012458074,0.527249806051203,0.733954541496125,0.472588773494205,0.562591272854723,0.662196649807434,0.77,146,17,140,477,157,0.201282051282051,0.650334075723831,0.510489510489511,0.965587044534413,0.710526315789474,0.619528619528619,0.174178529859701,43.2638507490109,0.197497258857657
20,"0.75","rho0_SM",0.850798403193613,0.532183954783882,0.618977516059957,0.580893346623474,0.637671386828501,0.668120818498376,0.941707666438313,0.834110791305704,0.78,147,12,139,482,151,0.193589743589744,0.660674157303371,0.513986013986014,0.975708502024291,0.743589743589744,0.615916955017301,0.171817769225157,41.5531813438451,0.189688140795284
20,"0.9","rho0_1",0.865083025830258,0.611174748631793,1,0.836233539371137,0.865083025830258,0.611174748631793,1,0.836233539371137,0.783,156,16,130,478,146,0.187179487179487,0.681222707423581,0.545454545454545,0.967611336032389,0.775,0.630872483221476,0.173539074628578,40.8752866644679,0.186593586365816
20,"0.9","rho0_shift",0.594673595323157,0.393063583815029,0.609487452281119,0.593577787197965,0.83641447879447,0.608425949857844,0.888795509799802,0.711882335163451,0.777,152,12,134,482,146,0.187179487179487,0.675555555555556,0.531468531468531,0.975708502024291,0.718954248366013,0.653198653198653,0.173309614589101,41.7200188329117,0.19044974537266
20,"0.9","rho0_SM",0.806229440789474,0.532183954783882,0.577760114022585,0.548198668581125,0.700502234714095,0.668120818498376,1,0.769975965437414,0.784,157,18,129,476,147,0.188461538461538,0.681127982646421,0.548951048951049,0.963562753036437,0.735483870967742,0.65359477124183,0.173452548722921,41.0281228147145,0.187291275549869
21,"CSDA","None",NA,NA,NA,NA,NA,NA,NA,NA,0.293,107,0,179,494,179,0.229487179487179,0.544529262086514,0.374125874125874,1,0.609929078014184,0.507936507936508,0.287866519426786,71.4336503456628,0.334474791152206
21,"0","rho0_1",1,0.729981378026071,0.614116094986807,1,1,0.729981378026071,0.614116094986807,1,0.76,178,19,108,475,127,0.162820512820513,0.737060041407868,0.622377622377622,0.961538461538462,0.833333333333333,0.685714285714286,0.200312096571675,43.4347023607636,0.203374921071169
21,"0.5","rho0_1",0.906334059177661,0.729981378026071,1,0.879095418352695,0.906334059177661,0.729981378026071,1,0.879095418352695,0.757,180,26,106,468,132,0.169230769230769,0.731707317073171,0.629370629370629,0.947368421052632,0.86046511627907,0.6625,0.2014243353851,39.9309739475262,0.186969363975867
21,"0.5","rho0_shift",0.706513385423338,0.729981378026071,0.252410940134907,0.481838545326774,0.701007375151413,0.514078110808356,0.244748611815541,0.446171721192431,0.763,173,29,113,465,142,0.182051282051282,0.709016393442623,0.604895104895105,0.941295546558704,0.812121212121212,0.656346749226006,0.206438802666202,45.0403145983181,0.210892901955931
21,"0.5","rho0_SM",0.886001948684638,0.729981378026071,0.845229906344251,0.767857142857143,0.62769863416067,0.661389621811785,0.764359170386446,0.66659987978361,0.762,188,25,98,469,123,0.157692307692308,0.753507014028056,0.657342657342657,0.949392712550607,0.873563218390805,0.689230769230769,0.19853573029905,36.9688393150981,0.173099719099091
21,"0.75","rho0_1",0.964046463032389,0.729981378026071,1,0.886001948684638,0.964046463032389,0.729981378026071,1,0.886001948684638,0.762,189,29,97,465,126,0.161538461538462,0.75,0.660839160839161,0.941295546558704,0.86046511627907,0.692771084337349,0.201316208696718,38.0086129213155,0.177968265758855
21,"0.75","rho0_shift",0.738955823293173,0.611061573118078,0.711236933797909,0.689233122968063,0.791609416506366,0.597905903107924,0.694310308629015,0.863057616561326,0.775,178,20,108,474,128,0.164102564102564,0.735537190082645,0.622377622377622,0.959514170040486,0.853801169590643,0.670926517571885,0.198558830436098,39.7054856666852,0.185913557009869
21,"0.75","rho0_SM",0.806229440789474,0.745048665924168,0.657222023596711,0.734122712594187,0.700502234714095,0.853085545992101,0.893499365092369,0.632838678793681,0.765,192,24,94,470,118,0.151282051282051,0.764940239043825,0.671328671328671,0.951417004048583,0.86046511627907,0.715151515151515,0.20050670800095,36.3777146900959,0.170331887908387
21,"0.9","rho0_1",0.865083025830258,0.745048665924168,1,0.766992338511281,0.865083025830258,0.745048665924168,1,0.766992338511281,0.762,192,27,94,467,121,0.155128205128205,0.76039603960396,0.671328671328671,0.945344129554656,0.86046511627907,0.708708708708709,0.200008955059499,36.6713814480908,0.17170692792207
21,"0.9","rho0_shift",0.74635152284264,0.677647340680402,0.718670076726343,0.782926320183678,0.786577487269134,0.562591272854723,0.822738386308069,0.735299960270163,0.756,187,27,99,467,126,0.161538461538462,0.748,0.653846153846154,0.945344129554656,0.867052023121387,0.685015290519878,0.19935840029455,38.1342392578334,0.178556487730807
21,"0.9","rho0_SM",0.653781460254174,0.532183954783882,0.577760114022585,0.614649072480398,0.834110791305704,0.668120818498376,1,0.802671523982999,0.798,193,48,93,446,141,0.180769230769231,0.732447817836812,0.674825174825175,0.902834008097166,0.847058823529412,0.677871148459384,0.203428662000629,37.4331043817133,0.175273553985646
22,"CSDA","None",NA,NA,NA,NA,NA,NA,NA,NA,0.343,121,0,165,494,165,0.211538461538462,0.594594594594595,0.423076923076923,1,0.609929078014184,0.586466165413534,0.249091420184149,53.6509116682322,0.246006775655516
22,"0","rho0_1",0.539428887564899,0.410392197986577,0.410392197986577,0.539428887564899,0.539428887564899,0.410392197986577,0.410392197986577,0.539428887564899,0.762,176,33,110,461,143,0.183333333333333,0.711111111111111,0.615384615384615,0.933198380566802,0.819277108433735,0.656534954407295,0.21008519306599,38.2313745866063,0.175303212908836
22,"0.5","rho0_1",0.906334059177661,0.729981378026071,0.970172540381791,0.879095418352695,0.906334059177661,0.729981378026071,0.970172540381791,0.879095418352695,0.761,184,23,102,471,125,0.16025641025641,0.746450304259635,0.643356643356643,0.953441295546559,0.826347305389222,0.705521472392638,0.204179545040002,36.5459737052826,0.167575104967906
22,"0.5","rho0_shift",0.788161559888579,0.519492747816331,0.519492747816331,0.553125,0.495927297206328,0.377187188864683,0.377187188864683,0.444274809160305,0.772,177,31,109,463,140,0.179487179487179,0.716599190283401,0.618881118881119,0.937246963562753,0.782608695652174,0.684684684684685,0.20697680116718,38.2586440933023,0.17542825241343
22,"0.5","rho0_SM",0.750965611761774,0.532183954783882,0.532183954783882,0.495341614906832,0.701399424350267,0.668120818498376,0.668120818498376,0.511635187310863,0.776,180,35,106,459,141,0.180769230769231,0.718562874251497,0.629370629370629,0.92914979757085,0.804878048780488,0.676557863501484,0.20783810515334,37.5118320496656,0.17200387774461
22,"0.75","rho0_1",0.945333914776975,0.729981378026071,0.970172540381791,0.892843289371606,0.945333914776975,0.729981378026071,0.970172540381791,0.892843289371606,0.771,180,24,106,470,130,0.166666666666667,0.73469387755102,0.629370629370629,0.951417004048583,0.833333333333333,0.683229813664596,0.205436904453289,36.6334111925091,0.167976034115896
22,"0.75","rho0_shift",0.693017656500803,0.497935994552728,0.480145923951172,0.482000993048659,0.641687536120208,0.462535105394485,0.541312688407783,0.500513502084214,0.762,176,24,110,470,134,0.171794871794872,0.724279835390947,0.615384615384615,0.951417004048583,0.804878048780488,0.683229813664596,0.206183508920012,36.7321358973634,0.168428718805933
22,"0.75","rho0_SM",0.656558216984757,0.532183954783882,0.465573217523296,0.496817478066403,0.796235287287926,0.668120818498376,0.70449769659743,0.943312455403155,0.777,178,26,108,468,134,0.171794871794872,0.726530612244898,0.622377622377622,0.947368421052632,0.804878048780488,0.687116564417178,0.204462486531765,35.9505722161049,0.164844996643207
22,"0.9","rho0_1",0.892843289371606,0.611174748631793,0.970172540381791,0.821380105848826,0.892843289371606,0.611174748631793,0.970172540381791,0.821380105848826,0.756,183,20,103,474,123,0.157692307692308,0.748466257668712,0.63986013986014,0.959514170040486,0.819277108433735,0.712074303405573,0.207026940807031,37.3730271168952,0.171367412251403
22,"0.9","rho0_shift",0.647366751269036,0.60010133178923,0.616368286445013,0.706135629709365,0.786577487269134,0.733973115054864,0.822738386308069,0.621359223300971,0.77,182,22,104,472,126,0.161538461538462,0.742857142857143,0.636363636363636,0.955465587044534,0.819277108433735,0.703703703703704,0.203772745587057,35.9449143581364,0.164819053535203
22,"0.9","rho0_SM",0.806229440789474,0.532183954783882,0.577760114022585,0.481293008731857,0.700502234714095,0.668120818498376,1,0.932522359454855,0.809,182,42,104,452,146,0.187179487179487,0.713725490196078,0.636363636363636,0.91497975708502,0.826347305389222,0.658892128279883,0.206873615989307,37.1313626916435,0.170259302730088
23,"CSDA","None",NA,NA,NA,NA,NA,NA,NA,NA,0.357,100,4,186,490,190,0.243589743589744,0.512820512820513,0.34965034965035,0.991902834008097,0.589928057553957,0.470119521912351,0.273744691686036,64.4007366996603,0.30487887716247
23,"0","rho0_1",0.677979887607217,0.570389953734303,0.413873589468028,0.815878925218517,0.677979887607217,0.570389953734303,0.413873589468028,0.815878925218517,0.77,172,18,114,476,132,0.169230769230769,0.722689075630252,0.601398601398601,0.963562753036437,0.782608695652174,0.692063492063492,0.202299031066034,45.5852355520184,0.215804603215966
23,"0.5","rho0_1",0.951627906976744,0.729981378026071,1,0.906334059177661,0.951627906976744,0.729981378026071,1,0.906334059177661,0.762,177,16,109,478,125,0.16025641025641,0.739039665970772,0.618881118881119,0.967611336032389,0.833333333333333,0.688102893890675,0.199818707201814,38.9062214074325,0.18418554981212
23,"0.5","rho0_shift",0.526983094928479,0.54153605015674,0.142953245879583,0.458691341705221,0.525541673256366,0.478603912114405,0.180773779354621,0.549692457105859,0.778,174,17,112,477,129,0.165384615384615,0.729559748427673,0.608391608391608,0.965587044534413,0.826347305389222,0.67741935483871,0.199921137054247,41.4988744597762,0.196459402441426
23,"0.5","rho0_SM",0.713664632039618,0.745048665924168,0.731794538361508,0.671697778827977,0.813810388955932,0.853085545992101,0.890093115554877,0.809707106165544,0.769,168,13,118,481,131,0.167948717948718,0.71948608137045,0.587412587412587,0.973684210526316,0.804878048780488,0.673267326732673,0.200626347080211,41.0764173186025,0.194459452356213
23,"0.75","rho0_1",1,0.729981378026071,1,0.892843289371606,1,0.729981378026071,1,0.892843289371606,0.776,176,17,110,477,127,0.162820512820513,0.734864300626305,0.615384615384615,0.965587044534413,0.826347305389222,0.685897435897436,0.201976364454362,38.8536519258627,0.183936681160372
23,"0.75","rho0_shift",0.738955823293173,0.701501603654388,0.635145385587863,0.711236933797909,0.791609416506366,0.575198607674366,0.611677934849416,0.694310308629015,0.777,163,19,123,475,142,0.182051282051282,0.696581196581197,0.56993006993007,0.961538461538462,0.790123456790123,0.647058823529412,0.200394937964997,39.6670637024593,0.1877874456365
23,"0.75","rho0_SM",0.612243024963289,0.745048665924168,0.740485898742779,0.580893346623474,0.858405596749194,0.853085545992101,0.836843550221595,0.834110791305704,0.776,179,19,107,475,126,0.161538461538462,0.739669421487603,0.625874125874126,0.961538461538462,0.826347305389222,0.694006309148265,0.202429132680269,39.8224495081766,0.188523056009949
23,"0.9","rho0_1",0.886001948684638,0.729981378026071,1,0.821380105848826,0.886001948684638,0.729981378026071,1,0.821380105848826,0.781,170,23,116,471,139,0.178205128205128,0.709812108559499,0.594405594405594,0.953441295546559,0.812121212121212,0.656050955414013,0.202410533170511,40.7413651507864,0.192873285272581
23,"0.9","rho0_shift",0.694024593313693,0.577821659687857,0.694024593313693,0.688193447330636,0.856483540072678,0.665045670314876,0.856483540072678,0.829606628489397,0.782,173,19,113,475,132,0.169230769230769,0.723849372384937,0.604895104895105,0.961538461538462,0.812121212121212,0.677316293929712,0.201299184345705,41.9564816550137,0.198625756042568
23,"0.9","rho0_SM",0.635029885890237,0.745048665924168,0.577760114022585,0.548381979695431,0.876149449092867,0.853085545992101,1,0.80905752753978,0.766,187,13,99,481,112,0.143589743589744,0.769547325102881,0.653846153846154,0.973684210526316,0.853801169590643,0.723809523809524,0.200471533719663,40.1207754172663,0.189935357683079
24,"CSDA","None",NA,NA,NA,NA,NA,NA,NA,NA,0.347,87,0,199,494,199,0.255128205128205,0.466487935656836,0.304195804195804,1,0.6,0.386266094420601,0.330251204822559,61.2667695202049,0.341930673548253
24,"0","rho0_1",0.533016985232161,0.513768430182134,0.328899346907415,0.533016985232161,0.533016985232161,0.513768430182134,0.328899346907415,0.533016985232161,0.763,157,11,129,483,140,0.179487179487179,0.691629955947137,0.548951048951049,0.977732793522267,0.751592356687898,0.65993265993266,0.222323294766944,35.9881432264813,0.200850316567182
24,"0.5","rho0_1",0.886001948684638,0.729981378026071,0.845229906344251,0.872122762148338,0.886001948684638,0.729981378026071,0.845229906344251,0.872122762148338,0.769,161,14,125,480,139,0.178205128205128,0.698481561822126,0.562937062937063,0.97165991902834,0.751592356687898,0.671052631578947,0.220748497663038,31.000035148963,0.173011617578576
24,"0.5","rho0_shift",0.654213753306083,0.544991727122311,0.193004125706718,0.731635988302082,0.639207296801145,0.419461620136156,0.164876904742179,0.59540210805876,0.761,162,8,124,486,132,0.169230769230769,0.710526315789474,0.566433566433566,0.983805668016194,0.767295597484277,0.68013468013468,0.223852517464834,33.9275677415371,0.189350216774396
24,"0.5","rho0_SM",0.671697778827977,0.532183954783882,0.731794538361508,0.712821591728781,0.777991623859801,0.668120818498376,0.890093115554877,0.75322227877354,0.764,152,15,134,479,149,0.191025641025641,0.671081677704194,0.531468531468531,0.969635627530364,0.767295597484277,0.619047619047619,0.221837690616312,33.0614554070248,0.184516432061615
24,"0.75","rho0_1",0.843551514341111,0.704600540691713,0.951627906976744,0.806229440789474,0.843551514341111,0.704600540691713,0.951627906976744,0.806229440789474,0.764,164,13,122,481,135,0.173076923076923,0.708423326133909,0.573426573426573,0.973684210526316,0.804878048780488,0.655518394648829,0.222962130499376,33.5077225890857,0.187007055271221
24,"0.75","rho0_shift",0.612243024963289,0.570389953734303,0.455517848704841,0.493351673544246,0.713441784596394,0.423438005827129,0.494701582151811,0.541369578134284,0.772,152,10,134,484,144,0.184615384615385,0.678571428571429,0.531468531468531,0.979757085020243,0.767295597484277,0.629757785467128,0.222211738844173,34.9553498060613,0.1950862824481
24,"0.75","rho0_SM",0.627501516070346,0.745048665924168,0.657222023596711,0.626084496416447,0.870279259926547,0.853085545992101,0.893499365092369,0.821681169360024,0.756,171,17,115,477,132,0.169230769230769,0.721518987341772,0.597902097902098,0.965587044534413,0.812121212121212,0.673139158576052,0.219844226981384,30.2589578443905,0.168875655067606
24,"0.9","rho0_1",0.872122762148338,0.745048665924168,1,0.828843427182499,0.872122762148338,0.745048665924168,1,0.828843427182499,0.762,171,12,115,482,127,0.162820512820513,0.729211087420043,0.597902097902098,0.975708502024291,0.804878048780488,0.688524590163934,0.219054697708432,30.0630845735562,0.167782483680393
24,"0.9","rho0_shift",0.594114256436531,0.517764769942826,0.568745327685024,0.556622244678835,0.856483540072678,0.567258080623148,0.895093922321682,0.663528485802507,0.762,160,13,126,481,139,0.178205128205128,0.697167755991285,0.559440559440559,0.973684210526316,0.775,0.655518394648829,0.227621364191603,37.1985450637062,0.207605585674849
24,"0.9","rho0_SM",0.635029885890237,0.532183954783882,0.556400155357044,0.556622244678835,0.876149449092867,0.668120818498376,0.984970326028312,0.815393883756957,0.76,169,17,117,477,134,0.171794871794872,0.716101694915254,0.590909090909091,0.965587044534413,0.790123456790123,0.67741935483871,0.219379700793087,30.7433770892704,0.17157920545844
25,"CSDA","None",NA,NA,NA,NA,NA,NA,NA,NA,0.386,118,1,168,493,169,0.216666666666667,0.582716049382716,0.412587412587413,0.997975708502024,0.619718309859155,0.562737642585551,0.318620541240144,55.0774169333975,0.293217290293789
25,"0","rho0_1",0.63938546161506,0.662550862915673,0.44008286991604,0.63938546161506,0.63938546161506,0.662550862915673,0.44008286991604,0.63938546161506,0.773,177,36,109,458,145,0.185897435897436,0.709418837675351,0.618881118881119,0.927125506072874,0.782608695652174,0.674556213017751,0.240368237069147,39.073405685072,0.208016257396042
25,"0.5","rho0_1",0.964046463032389,0.729981378026071,1,0.899620359050254,0.964046463032389,0.729981378026071,1,0.899620359050254,0.775,185,35,101,459,136,0.174358974358974,0.731225296442688,0.646853146853147,0.92914979757085,0.790123456790123,0.703488372093023,0.237575808050815,36.2984283999093,0.193243027904068
25,"0.5","rho0_shift",0.781037659795002,0.570389953734303,0.530685920577617,0.540252468195884,0.631722931218841,0.423438005827129,0.444221278549294,0.491592317076088,0.777,177,35,109,459,144,0.184615384615385,0.710843373493976,0.618881118881119,0.92914979757085,0.759493670886076,0.688235294117647,0.238550591689865,37.2299829267134,0.198202372574148
25,"0.5","rho0_SM",0.686234256228153,0.609378556794901,0.530685920577617,0.740485898742779,0.834673586311435,0.633109861591695,0.623071726156964,0.755265325332392,0.79,184,35,102,459,137,0.175641025641026,0.728712871287129,0.643356643356643,0.92914979757085,0.790123456790123,0.699708454810496,0.237415613720353,35.6919707856503,0.190014411381509
25,"0.75","rho0_1",0.970172540381791,0.729981378026071,1,0.899620359050254,0.970172540381791,0.729981378026071,1,0.899620359050254,0.768,190,43,96,451,139,0.178205128205128,0.732177263969171,0.664335664335664,0.912955465587045,0.804878048780488,0.698591549295775,0.238285556507283,35.5886831147259,0.189464535721475
25,"0.75","rho0_shift",0.80294321985726,0.729981378026071,0.417540977485719,0.672763886558147,0.698946539928558,0.514078110808356,0.450137304410328,0.604686993188453,0.763,181,31,105,463,136,0.174358974358974,0.726907630522088,0.632867132867133,0.937246963562753,0.790123456790123,0.696428571428571,0.237960479359051,36.1778985011548,0.192601359280521
25,"0.75","rho0_SM",0.892843289371606,0.745048665924168,0.674589127686473,0.612243024963289,0.646289551059815,0.853085545992101,0.902904564315353,0.858405596749194,0.786,192,34,94,460,128,0.164102564102564,0.75,0.671328671328671,0.931174089068826,0.826347305389222,0.71304347826087,0.238682472719363,35.1784952085529,0.187280806108578
25,"0.9","rho0_1",0.964046463032389,0.729981378026071,1,0.906334059177661,0.964046463032389,0.729981378026071,1,0.906334059177661,0.782,195,30,91,464,121,0.155128205128205,0.76320939334638,0.681818181818182,0.939271255060729,0.826347305389222,0.732558139534884,0.236007426992321,34.1758326099853,0.181942901272074
25,"0.9","rho0_shift",0.694024593313693,0.475106780565937,0.499518768046198,0.683217155009452,0.856483540072678,0.702682392916653,0.681094159553733,0.767041656592664,0.786,183,39,103,455,142,0.182051282051282,0.720472440944882,0.63986013986014,0.921052631578947,0.782608695652174,0.69164265129683,0.238652721296882,36.1154220723479,0.192268751649627
25,"0.9","rho0_SM",0.806229440789474,0.745048665924168,0.577760114022585,0.572876900932474,0.700502234714095,0.853085545992101,1,0.827919952176265,0.786,195,39,91,455,130,0.166666666666667,0.75,0.681818181818182,0.921052631578947,0.826347305389222,0.713881019830028,0.237919380016948,34.8033292288855,0.185283523772308
26,"CSDA","None",NA,NA,NA,NA,NA,NA,NA,NA,0.44,113,1,173,493,174,0.223076923076923,0.565,0.395104895104895,0.997975708502024,0.629370629370629,0.529182879377432,0.271532281134095,59.9668930155055,0.301140595411923
26,"0","rho0_1",0.511088056023862,0.544991727122311,0.458872387659802,0.511088056023862,0.511088056023862,0.544991727122311,0.458872387659802,0.511088056023862,0.772,183,21,103,473,124,0.158974358974359,0.746938775510204,0.63986013986014,0.95748987854251,0.86046511627907,0.685534591194969,0.221806008505824,35.4283350221372,0.177913334617166
26,"0.5","rho0_1",0.919574873096447,0.729981378026071,1,0.926103707446473,0.919574873096447,0.729981378026071,1,0.926103707446473,0.777,178,18,108,476,126,0.161538461538462,0.738589211618257,0.622377622377622,0.963562753036437,0.840236686390533,0.68370607028754,0.220710512042849,33.7806884587321,0.169639214645603
26,"0.5","rho0_shift",0.645152118282627,0.54153605015674,0.413873589468028,0.494937603013892,0.577134230030195,0.478603912114405,0.370135113760292,0.439719572462935,0.767,161,17,125,477,142,0.182051282051282,0.693965517241379,0.562937062937063,0.965587044534413,0.826347305389222,0.619528619528619,0.219319897636745,35.7264389476928,0.179410347203982
26,"0.5","rho0_SM",0.5491643454039,0.532183954783882,0.658306308191233,0.627501516070346,0.979890428617467,0.668120818498376,0.942864816691287,0.870279259926547,0.775,170,19,116,475,135,0.173076923076923,0.715789473684211,0.594405594405594,0.961538461538462,0.840236686390533,0.647058823529412,0.220901021570335,35.0286583433,0.175906245922307
26,"0.75","rho0_1",0.964046463032389,0.729981378026071,1,0.865083025830258,0.964046463032389,0.729981378026071,1,0.865083025830258,0.759,182,17,104,477,121,0.155128205128205,0.750515463917526,0.636363636363636,0.965587044534413,0.847058823529412,0.698412698412698,0.220004417817446,33.8618874911174,0.17004697839206
26,"0.75","rho0_shift",0.556504017013232,0.677647340680402,0.652587435588203,0.6291324047659,0.567363076529234,0.562591272854723,0.689683981593221,0.657395394096659,0.767,169,23,117,471,140,0.179487179487179,0.707112970711297,0.590909090909091,0.953441295546559,0.826347305389222,0.643086816720257,0.220113402420056,35.0424241615652,0.175975374844955
26,"0.75","rho0_SM",0.695109780439122,0.745048665924168,0.657222023596711,0.630518537232363,0.742863564846033,0.853085545992101,0.893499365092369,0.815393883756957,0.77,177,19,109,475,128,0.164102564102564,0.734439834024896,0.618881118881119,0.961538461538462,0.840236686390533,0.677316293929712,0.221226291511416,34.8346797285135,0.174932127827863
26,"0.9","rho0_1",0.857975236707939,0.729981378026071,1,0.857975236707939,0.857975236707939,0.729981378026071,1,0.857975236707939,0.77,181,21,105,473,126,0.161538461538462,0.741803278688525,0.632867132867133,0.95748987854251,0.853801169590643,0.681388012618297,0.220863711306857,33.9937734507607,0.170709280779532
26,"0.9","rho0_shift",0.611483426915414,0.497935994552728,0.653363151556855,0.639160353900422,0.733954541496125,0.462535105394485,0.811187650427421,0.798823332589784,0.773,171,18,115,476,133,0.170512820512821,0.72,0.597902097902098,0.963562753036437,0.847058823529412,0.649180327868852,0.221087572984627,34.8300873137634,0.174909065727382
26,"0.9","rho0_SM",0.642492185621544,0.745048665924168,0.657222023596711,0.572876900932474,0.88197587245691,0.853085545992101,0.893499365092369,0.827919952176265,0.768,186,18,100,476,118,0.151282051282051,0.759183673469388,0.65034965034965,0.963562753036437,0.853801169590643,0.70846394984326,0.220861075856424,34.2820299216177,0.17215684160685
27,"CSDA","None",NA,NA,NA,NA,NA,NA,NA,NA,0.382,110,2,176,492,178,0.228205128205128,0.552763819095477,0.384615384615385,0.995951417004049,0.537313432835821,0.560606060606061,0.30427248039386,71.0619299392439,0.331368243346327
27,"0","rho0_1",0.570389953734303,0.570389953734303,0.570389953734303,0.64305150150893,0.570389953734303,0.570389953734303,0.570389953734303,0.64305150150893,0.773,189,33,97,461,130,0.166666666666667,0.744094488188976,0.660839160839161,0.933198380566802,0.826347305389222,0.703812316715543,0.237161623086196,39.2453920112102,0.183004832845257
27,"0.5","rho0_1",0.919574873096447,0.729981378026071,1,0.836233539371137,0.919574873096447,0.729981378026071,1,0.836233539371137,0.786,195,29,91,465,120,0.153846153846154,0.764705882352941,0.681818181818182,0.941295546558704,0.86046511627907,0.715976331360947,0.236854913415902,37.0116257189203,0.172588577433179
27,"0.5","rho0_shift",0.800646551724138,0.729981378026071,0.570389953734303,0.575979772439949,0.447628973423658,0.514078110808356,0.423438005827129,0.477443146896128,0.767,188,28,98,466,126,0.161538461538462,0.749003984063745,0.657342657342657,0.94331983805668,0.847058823529412,0.698795180722892,0.238014586198707,38.5862113176269,0.179931013309716
27,"0.5","rho0_SM",0.865083025830258,0.729981378026071,0.745048665924168,0.821380105848826,0.594214962022682,0.661389621811785,0.853085545992101,0.596045757109564,0.773,194,25,92,469,117,0.15,0.768316831683168,0.678321678321678,0.949392712550607,0.847058823529412,0.728358208955224,0.237726394838044,37.23951515276,0.173651246592787
27,"0.75","rho0_1",0.926103707446473,0.704600540691713,1,0.879095418352695,0.926103707446473,0.704600540691713,1,0.879095418352695,0.785,188,32,98,462,130,0.166666666666667,0.743083003952569,0.657342657342657,0.935222672064777,0.840236686390533,0.694362017804154,0.236876714383019,38.9796932392605,0.181765855302774
27,"0.75","rho0_shift",0.616607876019199,0.609378556794901,0.51190021636757,0.664595239416301,0.60308387240687,0.440004452359751,0.51689463493848,0.59722632044851,0.774,184,27,102,467,129,0.165384615384615,0.740442655935614,0.643356643356643,0.945344129554656,0.812121212121212,0.704819277108434,0.238276377990754,38.6225493162982,0.180100460702951
27,"0.75","rho0_SM",0.806229440789474,0.729981378026071,0.740485898742779,0.758902077151335,0.700502234714095,0.661389621811785,0.836843550221595,0.655970889844525,0.778,194,18,92,476,110,0.141025641025641,0.779116465863454,0.678321678321678,0.963562753036437,0.86046511627907,0.736196319018405,0.23750587128639,37.1769024564254,0.173359277894311
27,"0.9","rho0_1",0.919574873096447,0.729981378026071,1,0.886001948684638,0.919574873096447,0.729981378026071,1,0.886001948684638,0.782,195,27,91,467,118,0.151282051282051,0.767716535433071,0.681818181818182,0.945344129554656,0.840236686390533,0.731563421828909,0.236913463093819,36.8118216730084,0.171656872992223
27,"0.9","rho0_shift",0.618202488473442,0.510846843498862,0.40619727583227,0.669161676646707,0.698946539928558,0.615052982687028,0.578041579032519,0.80176316416488,0.776,182,29,104,465,133,0.170512820512821,0.732394366197183,0.636363636363636,0.941295546558704,0.833333333333333,0.680851063829787,0.238068213692574,37.8257019721978,0.176384689053412
27,"0.9","rho0_SM",0.806229440789474,0.745048665924168,0.577760114022585,0.598481436201017,0.700502234714095,0.853085545992101,1,0.789748222403544,0.764,202,19,84,475,103,0.132051282051282,0.796844181459566,0.706293706293706,0.961538461538462,0.847058823529412,0.771513353115727,0.236280550118788,35.4793548971134,0.165443459210425
28,"CSDA","None",NA,NA,NA,NA,NA,NA,NA,NA,0.38,116,0,170,494,170,0.217948717948718,0.577114427860697,0.405594405594406,1,0.537313432835821,0.597014925373134,0.317911217595949,57.11408191924,0.307230830967908
28,"0","rho0_1",0.544991727122311,0.544991727122311,0.544991727122311,0.68392357188467,0.544991727122311,0.544991727122311,0.544991727122311,0.68392357188467,0.774,187,35,99,459,134,0.171794871794872,0.736220472440945,0.653846153846154,0.92914979757085,0.804878048780488,0.703488372093023,0.224022686876733,35.0423415137828,0.188501457793966
28,"0.5","rho0_1",0.970172540381791,0.729981378026071,1,0.865083025830258,0.970172540381791,0.729981378026071,1,0.865083025830258,0.771,191,25,95,469,120,0.153846153846154,0.760956175298805,0.667832167832168,0.949392712550607,0.819277108433735,0.732142857142857,0.222032744499173,33.3865174184512,0.179594368760043
28,"0.5","rho0_shift",0.615261558150696,0.662550862915673,0.416823751178134,0.410681018422687,0.521243603659482,0.470060290490545,0.343193199021777,0.369368453167904,0.769,184,27,102,467,129,0.165384615384615,0.740442655935614,0.643356643356643,0.945344129554656,0.826347305389222,0.696969696969697,0.223074874046769,33.8429770372288,0.182049778411531
28,"0.5","rho0_SM",0.899620359050254,0.729981378026071,0.845229906344251,0.790772532188841,0.596543886233827,0.661389621811785,0.764359170386446,0.625505289079561,0.754,188,23,98,471,121,0.155128205128205,0.756539235412475,0.657342657342657,0.953441295546559,0.812121212121212,0.728915662650602,0.223277801781982,33.7354488358758,0.181471357511745
28,"0.75","rho0_1",0.970172540381791,0.611174748631793,1,0.906334059177661,0.970172540381791,0.611174748631793,1,0.906334059177661,0.762,187,29,99,465,128,0.164102564102564,0.745019920318725,0.653846153846154,0.941295546558704,0.812121212121212,0.712166172106825,0.223719231581776,34.2201907933082,0.184078904886796
28,"0.75","rho0_shift",0.649889281225687,0.393762376237624,0.391697925438261,0.494313856109631,0.500316710814235,0.452498172069218,0.470043691198536,0.511147735054143,0.763,182,35,104,459,139,0.178205128205128,0.723658051689861,0.636363636363636,0.92914979757085,0.797546012269939,0.688235294117647,0.223268809833891,34.4640179692123,0.185390511820643
28,"0.75","rho0_SM",0.865083025830258,0.532183954783882,0.658306308191233,0.813842482100239,0.617402678478529,0.668120818498376,0.942864816691287,0.564545732639951,0.762,192,26,94,468,120,0.153846153846154,0.761904761904762,0.671328671328671,0.947368421052632,0.812121212121212,0.737463126843658,0.222202919748786,33.0439760909149,0.177751753888835
28,"0.9","rho0_1",0.938982414418925,0.729981378026071,1,0.879095418352695,0.938982414418925,0.729981378026071,1,0.879095418352695,0.759,191,27,95,467,122,0.156410256410256,0.757936507936508,0.667832167832168,0.945344129554656,0.847058823529412,0.712574850299401,0.221815983911646,33.326365152435,0.179270794782283
28,"0.9","rho0_shift",0.668940609951846,0.366204986149585,0.501243664351417,0.669047009094402,0.641687536120208,0.484268125854993,0.651518449360201,0.856483540072678,0.762,185,25,101,469,126,0.161538461538462,0.745967741935484,0.646853146853147,0.949392712550607,0.797546012269939,0.720720720720721,0.223844173972479,34.5011259348273,0.185590124783477
28,"0.9","rho0_SM",0.687382119954734,0.55329251530676,0.577760114022585,0.457508492444653,0.821681169360024,0.692109365631371,1,0.916042140387229,0.754,186,30,100,464,130,0.166666666666667,0.741035856573705,0.65034965034965,0.939271255060729,0.775,0.725146198830409,0.223596783007432,34.0033617423692,0.18291252757214
29,"CSDA","None",NA,NA,NA,NA,NA,NA,NA,NA,0.346,141,1,145,493,146,0.187179487179487,0.658878504672897,0.493006993006993,0.997975708502024,0.718954248366013,0.625454545454545,0.261101827294422,60.1760440265238,0.268507740566385
29,"0","rho0_1",0.586120980021225,0.609378556794901,0.530685920577617,0.558960486052597,0.586120980021225,0.609378556794901,0.530685920577617,0.558960486052597,0.758,205,35,81,459,116,0.148717948717949,0.779467680608365,0.716783216783217,0.92914979757085,0.898876404494382,0.718390804597701,0.213274526153088,35.643701995788,0.159043520442988
29,"0.5","rho0_1",0.970172540381791,0.729981378026071,1,0.912985274431058,0.970172540381791,0.729981378026071,1,0.912985274431058,0.77,207,37,79,457,116,0.148717948717949,0.781132075471698,0.723776223776224,0.925101214574899,0.905027932960894,0.717948717948718,0.214393590881914,35.3614342815054,0.157784031431655
29,"0.5","rho0_shift",0.932572614107884,0.729981378026071,0.845229906344251,0.769808821835771,0.635574444997061,0.514078110808356,0.584755111989122,0.664217966699532,0.77,202,30,84,464,114,0.146153846153846,0.77992277992278,0.706293706293706,0.939271255060729,0.911111111111111,0.710059171597633,0.214565741915859,35.1615922629296,0.156892328931997
29,"0.5","rho0_SM",0.772790323475559,0.745048665924168,0.845229906344251,0.73386408871197,0.814634021015852,0.853085545992101,0.764359170386446,0.718577801102073,0.767,208,41,78,453,119,0.152564102564103,0.777570093457944,0.727272727272727,0.917004048582996,0.905027932960894,0.713483146067416,0.214215312091992,34.1449619992387,0.152356086985372
29,"0.75","rho0_1",0.964046463032389,0.704600540691713,1,0.899620359050254,0.964046463032389,0.704600540691713,1,0.899620359050254,0.761,200,41,86,453,127,0.162820512820513,0.759013282732448,0.699300699300699,0.917004048582996,0.886363636363636,0.695156695156695,0.21407265778647,34.7482384500625,0.155047928886382
29,"0.75","rho0_shift",0.80294321985726,0.729981378026071,0.779094827586207,0.80294321985726,0.757976630138645,0.514078110808356,0.62480458572173,0.757976630138645,0.759,213,34,73,460,107,0.137179487179487,0.799249530956848,0.744755244755245,0.931174089068826,0.898876404494382,0.749295774647887,0.21168842784412,33.4906392968186,0.149436474816273
29,"0.75","rho0_SM",0.772790323475559,0.745048665924168,0.772790323475559,0.657222023596711,0.814634021015852,0.853085545992101,0.814634021015852,0.840249047638553,0.758,208,40,78,454,118,0.151282051282051,0.779026217228464,0.727272727272727,0.919028340080972,0.923076923076923,0.704545454545455,0.214413972560482,34.4059151292596,0.153520469531104
29,"0.9","rho0_1",0.964046463032389,0.638321550144017,1,0.850798403193613,0.964046463032389,0.638321550144017,1,0.850798403193613,0.761,218,29,68,465,97,0.124358974358974,0.818011257035647,0.762237762237762,0.941295546558704,0.92896174863388,0.76,0.213204314643966,34.7958706415944,0.155260465491826
29,"0.9","rho0_shift",0.80294321985726,0.577821659687857,0.774145807863072,0.774145807863072,0.757976630138645,0.665045670314876,0.777781199950721,0.777781199950721,0.767,206,32,80,462,112,0.143589743589744,0.786259541984733,0.72027972027972,0.935222672064777,0.898876404494382,0.728323699421965,0.214579618696897,34.9035747890032,0.155741045392652
29,"0.9","rho0_SM",0.657222023596711,0.745048665924168,0.692949203942381,0.619906194798075,0.893499365092369,0.853085545992101,0.869292436388986,0.864364809971621,0.753,217,32,69,462,101,0.129487179487179,0.811214953271028,0.758741258741259,0.935222672064777,0.892655367231638,0.770949720670391,0.214964979872993,33.838575160263,0.150988977545005
30,"CSDA","None",NA,NA,NA,NA,NA,NA,NA,NA,0.245,83,1,203,493,204,0.261538461538462,0.448648648648649,0.29020979020979,0.997975708502024,0.558823529411765,0.384615384615385,0.351849782236786,60.1010603317478,0.337116133091227
30,"0","rho0_1",0.586120980021225,0.544991727122311,0.544991727122311,0.539428887564899,0.586120980021225,0.544991727122311,0.544991727122311,0.539428887564899,0.79,162,22,124,472,146,0.187179487179487,0.68936170212766,0.566433566433566,0.955465587044534,0.812121212121212,0.622950819672131,0.235632079263895,45.3161447180842,0.254185257125874
30,"0.5","rho0_1",0.951627906976744,0.544991727122311,0.611174748631793,0.781037659795002,0.951627906976744,0.544991727122311,0.611174748631793,0.781037659795002,0.76,160,15,126,479,141,0.180769230769231,0.6941431670282,0.559440559440559,0.969635627530364,0.804878048780488,0.632996632996633,0.221328577164571,36.149474073883,0.202767985220247
30,"0.5","rho0_shift",0.602322166630411,0.50501485884101,0.312224222015792,0.483884738527214,0.558527371566214,0.477959295427581,0.277741205066807,0.465026178010471,0.787,149,8,137,486,145,0.185897435897436,0.672686230248307,0.520979020979021,0.983805668016194,0.767295597484277,0.619718309859155,0.22469687494296,40.3806807626691,0.226501477264476
30,"0.5","rho0_SM",0.741993486226082,0.532183954783882,0.731794538361508,0.614100897920605,0.714855828547928,0.668120818498376,0.890093115554877,0.904853553082772,0.773,146,15,140,479,155,0.198717948717949,0.65324384787472,0.510489510489511,0.969635627530364,0.767295597484277,0.590277777777778,0.221596966195622,37.3719644111647,0.209625122398376
30,"0.75","rho0_1",0.879095418352695,0.729981378026071,1,0.886001948684638,0.879095418352695,0.729981378026071,1,0.886001948684638,0.765,156,13,130,481,143,0.183333333333333,0.685714285714286,0.545454545454545,0.973684210526316,0.812121212121212,0.613793103448276,0.221174845312306,36.6514017591463,0.205583375155356
30,"0.75","rho0_shift",0.616607876019199,0.516827544600534,0.453402012458074,0.457648546144121,0.60308387240687,0.472588773494205,0.562591272854723,0.554148740012293,0.771,155,15,131,479,146,0.187179487179487,0.679824561403509,0.541958041958042,0.969635627530364,0.782608695652174,0.623728813559322,0.220605793377867,36.2108544076015,0.203112276995414
30,"0.75","rho0_SM",0.695109780439122,0.532183954783882,0.577760114022585,0.401870083609558,0.742863564846033,0.668120818498376,1,0.795873266958221,0.782,160,16,126,478,142,0.182051282051282,0.692640692640693,0.559440559440559,0.967611336032389,0.790123456790123,0.64,0.22034280917357,34.9120663137499,0.195827173912583
30,"0.9","rho0_1",0.843551514341111,0.729981378026071,1,0.850798403193613,0.843551514341111,0.729981378026071,1,0.850798403193613,0.765,154,12,132,482,144,0.184615384615385,0.68141592920354,0.538461538461538,0.975708502024291,0.782608695652174,0.625429553264605,0.221414419360502,36.8834555244146,0.206885000577349
30,"0.9","rho0_shift",0.676802447886785,0.488399826539462,0.718670076726343,0.637371719815414,0.791609416506366,0.577190838071956,0.822738386308069,0.661003050480533,0.764,151,13,135,481,148,0.18974358974359,0.671111111111111,0.527972027972028,0.973684210526316,0.790123456790123,0.604166666666667,0.221789719191705,36.8004706724169,0.206419525721228
30,"0.9","rho0_SM",0.806229440789474,0.532183954783882,0.577760114022585,0.530654543023334,0.700502234714095,0.668120818498376,1,0.73594727973038,0.752,170,10,116,484,126,0.161538461538462,0.729613733905579,0.594405594405594,0.979757085020243,0.819277108433735,0.68,0.21870170675657,33.7853556884952,0.189507279937302
31,"CSDA","None",NA,NA,NA,NA,NA,NA,NA,NA,0.412,137,1,149,493,150,0.192307692307692,0.64622641509434,0.479020979020979,0.997975708502024,0.684563758389262,0.625454545454545,0.242422351615308,49.0877014259399,0.242451645144011
31,"0","rho0_1",0.701501603654388,0.410392197986577,0.410392197986577,0.701501603654388,0.701501603654388,0.410392197986577,0.410392197986577,0.701501603654388,0.791,186,41,100,453,141,0.180769230769231,0.725146198830409,0.65034965034965,0.917004048582996,0.826347305389222,0.676300578034682,0.225528175953055,37.5218089902168,0.185325938151385
31,"0.5","rho0_1",0.97624413717488,0.729981378026071,1,0.926103707446473,0.97624413717488,0.729981378026071,1,0.926103707446473,0.778,202,39,84,455,123,0.157692307692308,0.766603415559772,0.706293706293706,0.921052631578947,0.886363636363636,0.706552706552707,0.225626102395807,35.6730254410517,0.176194514189998
31,"0.5","rho0_shift",0.772003897369276,0.558960486052597,0.523766451087694,0.66866295264624,0.691005126611776,0.470707026839225,0.486649116209101,0.516930326489398,0.767,190,23,96,471,119,0.152564102564103,0.761523046092184,0.664335664335664,0.953441295546559,0.867052023121387,0.705521472392638,0.223533982156139,35.7549634563577,0.176599218546358
31,"0.5","rho0_SM",0.982261976955731,0.729981378026071,0.827756959314775,0.73386408871197,0.556787471415702,0.661389621811785,0.747399887899359,0.779979008134348,0.775,181,47,105,447,152,0.194871794871795,0.704280155642023,0.632867132867133,0.904858299595142,0.826347305389222,0.645533141210375,0.226060914948421,37.0962313429048,0.183223945234015
31,"0.75","rho0_1",0.97624413717488,0.729981378026071,1,0.886001948684638,0.97624413717488,0.729981378026071,1,0.886001948684638,0.784,197,38,89,456,127,0.162820512820513,0.756238003838772,0.688811188811189,0.923076923076923,0.886363636363636,0.689855072463768,0.225533965977214,36.2075231465819,0.178834479889492
31,"0.75","rho0_shift",0.772003897369276,0.701501603654388,0.471311475409836,0.682112068965517,0.691005126611776,0.575198607674366,0.412474849094567,0.593538301198541,0.786,180,33,106,461,139,0.178205128205128,0.721442885771543,0.629370629370629,0.933198380566802,0.812121212121212,0.676646706586826,0.226036465202739,36.5796928945304,0.180672683045105
31,"0.75","rho0_SM",0.892843289371606,0.729981378026071,0.740485898742779,0.843551514341111,0.646289551059815,0.661389621811785,0.836843550221595,0.59511916225325,0.79,190,39,96,455,135,0.173076923076923,0.737864077669903,0.664335664335664,0.921052631578947,0.833333333333333,0.69164265129683,0.226390093604102,36.2090336318524,0.178841940406651
31,"0.9","rho0_1",0.97624413717488,0.729981378026071,1,0.919574873096447,0.97624413717488,0.729981378026071,1,0.919574873096447,0.795,199,35,87,459,122,0.156410256410256,0.765384615384615,0.695804195804196,0.92914979757085,0.898876404494382,0.695906432748538,0.22384227744639,35.5503187281831,0.175588447017549
31,"0.9","rho0_shift",0.694024593313693,0.553190069407368,0.577221627408994,0.552825552825553,0.856483540072678,0.549776194988075,0.666169509110953,0.634165675782798,0.796,185,38,101,456,139,0.178205128205128,0.726915520628684,0.646853146853147,0.923076923076923,0.853801169590643,0.662721893491124,0.224289107726073,35.6859822068353,0.176258509632618
31,"0.9","rho0_SM",0.695109780439122,0.745048665924168,0.657222023596711,0.750727931254883,0.742863564846033,0.853085545992101,0.893499365092369,0.648326267164462,0.793,199,35,87,459,122,0.156410256410256,0.765384615384615,0.695804195804196,0.92914979757085,0.867052023121387,0.714697406340058,0.224952687823634,35.7123589887177,0.17638878858183
32,"CSDA","None",NA,NA,NA,NA,NA,NA,NA,NA,0.424,115,1,171,493,172,0.220512820512821,0.572139303482587,0.402097902097902,0.997975708502024,0.548148148148148,0.584269662921348,0.278787531105688,66.0053602642828,0.287149573653837
32,"0","rho0_1",0.845229906344251,0.729981378026071,0.638321550144017,0.982261976955731,0.845229906344251,0.729981378026071,0.638321550144017,0.982261976955731,0.789,172,28,114,466,142,0.182051282051282,0.707818930041152,0.601398601398601,0.94331983805668,0.710526315789474,0.706586826347305,0.219895622314191,42.2779558470945,0.183925925831485
32,"0.5","rho0_1",0.919574873096447,0.704600540691713,1,0.899620359050254,0.919574873096447,0.704600540691713,1,0.899620359050254,0.796,183,32,103,462,135,0.173076923076923,0.730538922155689,0.63986013986014,0.935222672064777,0.751592356687898,0.720930232558139,0.220931360608052,40.8467871969955,0.177699772893948
32,"0.5","rho0_shift",0.906334059177661,0.729981378026071,0.690522974607013,0.75356661424399,0.653168555175639,0.514078110808356,0.617801624343097,0.64020675901179,0.789,184,28,102,466,130,0.166666666666667,0.738955823293173,0.643356643356643,0.94331983805668,0.775,0.72189349112426,0.220217585082544,40.4267199692699,0.175872313353323
32,"0.5","rho0_SM",0.821380105848826,0.745048665924168,0.772790323475559,0.821380105848826,0.655450792828746,0.853085545992101,0.814634021015852,0.607926764253401,0.791,191,30,95,464,125,0.16025641025641,0.7534516765286,0.667832167832168,0.939271255060729,0.804878048780488,0.728862973760933,0.220653418177711,39.7541985445735,0.172946577631233
32,"0.75","rho0_1",0.919574873096447,0.704600540691713,1,0.906334059177661,0.919574873096447,0.704600540691713,1,0.906334059177661,0.789,188,24,98,470,122,0.156410256410256,0.755020080321285,0.657342657342657,0.951417004048583,0.819277108433735,0.72289156626506,0.219618166752752,41.0168064908699,0.178439424454874
32,"0.75","rho0_shift",0.799557687515574,0.714703730797366,0.740814035916824,0.670505037862194,0.743562921230778,0.643264433357092,0.822507928832506,0.806855359125972,0.783,185,20,101,474,121,0.155128205128205,0.753564154786151,0.646853146853147,0.959514170040486,0.775,0.743202416918429,0.221206689638925,42.2344029413456,0.183736453366414
32,"0.75","rho0_SM",0.798539844341897,0.745048665924168,0.692949203942381,0.798539844341897,0.633085536259601,0.853085545992101,0.869292436388986,0.633085536259601,0.785,196,24,90,470,114,0.146153846153846,0.774703557312253,0.685314685314685,0.951417004048583,0.804878048780488,0.760233918128655,0.219944812771204,39.7385393749214,0.17287845401413
32,"0.9","rho0_1",0.892843289371606,0.729981378026071,0.982261976955731,0.828843427182499,0.892843289371606,0.729981378026071,0.982261976955731,0.828843427182499,0.775,190,23,96,471,119,0.152564102564103,0.761523046092184,0.664335664335664,0.953441295546559,0.782608695652174,0.751479289940828,0.219902604456856,39.6531986432848,0.172507187883521
32,"0.9","rho0_shift",0.731522623443269,0.661193226311668,0.728861815533338,0.713177776292037,0.806855359125972,0.693195227481316,0.80881748315886,0.794645136584121,0.791,186,30,100,464,130,0.166666666666667,0.741035856573705,0.65034965034965,0.939271255060729,0.804878048780488,0.710059171597633,0.219872799218819,40.4507947361467,0.175977048166023
32,"0.9","rho0_SM",0.806229440789474,0.745048665924168,0.635029885890237,0.72568893377579,0.700502234714095,0.853085545992101,0.876149449092867,0.624993990288306,0.779,195,23,91,471,114,0.146153846153846,0.773809523809524,0.681818181818182,0.953441295546559,0.819277108433735,0.751479289940828,0.21986712564491,39.6082438834248,0.172311616795419
33,"CSDA","None",NA,NA,NA,NA,NA,NA,NA,NA,0.534,107,0,179,494,179,0.229487179487179,0.544529262086514,0.374125874125874,1,0.537313432835821,0.548262548262548,0.288414210241171,62.6857246151321,0.311854238820655
33,"0","rho0_1",0.731794538361508,0.532183954783882,0.532183954783882,0.547524188958452,0.731794538361508,0.532183954783882,0.532183954783882,0.547524188958452,0.759,186,23,100,471,123,0.157692307692308,0.751515151515151,0.65034965034965,0.953441295546559,0.826347305389222,0.713414634146341,0.211440629922366,34.718319869292,0.172719630864034
33,"0.5","rho0_1",0.892843289371606,0.745048665924168,0.970172540381791,0.813842482100239,0.892843289371606,0.745048665924168,0.970172540381791,0.813842482100239,0.769,183,16,103,478,119,0.152564102564103,0.754639175257732,0.63986013986014,0.967611336032389,0.853801169590643,0.700636942675159,0.20919165820186,33.2040383913371,0.165186255433388
33,"0.5","rho0_shift",0.792540209024344,0.487051386623165,0.459118194990685,0.577221627408994,0.6897980010205,0.468244022256755,0.48042306518865,0.666169509110953,0.775,191,22,95,472,117,0.15,0.765531062124248,0.667832167832168,0.955465587044534,0.840236686390533,0.727272727272727,0.208600998363666,33.710288387759,0.167704790686134
33,"0.5","rho0_SM",0.892843289371606,0.729981378026071,0.815878925218517,0.821380105848826,0.646289551059815,0.661389621811785,0.784808697942139,0.572283742821892,0.758,183,12,103,482,115,0.147435897435897,0.760914760914761,0.63986013986014,0.975708502024291,0.826347305389222,0.726114649681529,0.208179481604535,32.5628601165259,0.161996467581892
33,"0.75","rho0_1",0.932572614107884,0.704600540691713,1,0.899620359050254,0.932572614107884,0.704600540691713,1,0.899620359050254,0.768,192,15,94,479,109,0.13974358974359,0.778904665314402,0.671328671328671,0.969635627530364,0.86046511627907,0.735202492211838,0.206062938567735,31.5122396089463,0.15676975191908
33,"0.75","rho0_shift",0.729046927303733,0.677647340680402,0.460964340717924,0.672763886558147,0.722558576012593,0.562591272854723,0.450212914892376,0.657395394096659,0.756,178,18,108,476,126,0.161538461538462,0.738589211618257,0.622377622377622,0.963562753036437,0.812121212121212,0.700315457413249,0.207947834141662,32.1622931778856,0.160003693333635
33,"0.75","rho0_SM",0.739412006578947,0.532183954783882,0.657222023596711,0.664155005382131,0.700502234714095,0.668120818498376,0.893499365092369,0.632838678793681,0.748,196,17,90,477,107,0.137179487179487,0.785571142284569,0.685314685314685,0.965587044534413,0.86046511627907,0.746177370030581,0.207146455673733,30.7572477758865,0.153013754762467
33,"0.9","rho0_1",0.906334059177661,0.704600540691713,1,0.775,0.906334059177661,0.704600540691713,1,0.775,0.749,185,21,101,473,122,0.156410256410256,0.752032520325203,0.646853146853147,0.95748987854251,0.826347305389222,0.713846153846154,0.209067459238853,31.6037936225692,0.157225222560995
33,"0.9","rho0_shift",0.609487452281119,0.627234359483615,0.609487452281119,0.609487452281119,0.888795509799802,0.764393161360479,0.888795509799802,0.713209472641594,0.758,180,16,106,478,122,0.156410256410256,0.746887966804979,0.629370629370629,0.967611336032389,0.826347305389222,0.704761904761905,0.206511975754194,31.7749447783468,0.158076679790468
33,"0.9","rho0_SM",0.806229440789474,0.745048665924168,0.577760114022585,0.706818181818182,0.700502234714095,0.853085545992101,1,0.671065989847716,0.75,195,15,91,479,106,0.135897435897436,0.786290322580645,0.681818181818182,0.969635627530364,0.86046511627907,0.746913580246914,0.206881328722615,31.099521170894,0.154716525364928
34,"CSDA","None",NA,NA,NA,NA,NA,NA,NA,NA,0.365,95,1,191,493,192,0.246153846153846,0.49738219895288,0.332167832167832,0.997975708502024,0.558823529411765,0.463414634146341,0.315432747394238,65.5251086356678,0.320436867505171
34,"0","rho0_1",0.609378556794901,0.609378556794901,0.463337182448037,0.714032869785082,0.609378556794901,0.609378556794901,0.463337182448037,0.714032869785082,0.749,148,17,138,477,155,0.198717948717949,0.656319290465632,0.517482517482518,0.965587044534413,0.804878048780488,0.571428571428571,0.223392191009859,46.6503088686697,0.228133598757411
34,"0.5","rho0_1",0.906334059177661,0.745048665924168,0.845229906344251,0.857975236707939,0.906334059177661,0.745048665924168,0.845229906344251,0.857975236707939,0.773,163,17,123,477,140,0.179487179487179,0.699570815450644,0.56993006993007,0.965587044534413,0.797546012269939,0.646864686468647,0.204955391818292,36.2588509999717,0.177316342936106
34,"0.5","rho0_shift",0.941648213537614,0.704600540691713,0.337915736101889,0.771727957971677,0.567689738569619,0.520595499607325,0.26182410863834,0.623847775466057,0.745,150,18,136,476,154,0.197435897435897,0.66079295154185,0.524475524475524,0.963562753036437,0.797546012269939,0.584192439862543,0.217709026877302,44.496882501134,0.217602716566083
34,"0.5","rho0_SM",0.850798403193613,0.745048665924168,0.845229906344251,0.627501516070346,0.602607327489323,0.853085545992101,0.764359170386446,0.827039013235396,0.757,164,16,122,478,138,0.176923076923077,0.703862660944206,0.573426573426573,0.967611336032389,0.812121212121212,0.644518272425249,0.204326877857373,37.3407088135497,0.182606942770079
34,"0.75","rho0_1",0.850798403193613,0.729981378026071,1,0.886001948684638,0.850798403193613,0.729981378026071,1,0.886001948684638,0.769,168,19,118,475,137,0.175641025641026,0.710359408033827,0.587412587412587,0.961538461538462,0.826347305389222,0.647058823529412,0.201213561727045,34.5253251498419,0.168838896584305
34,"0.75","rho0_shift",0.684486040609137,0.520173094056256,0.520173094056256,0.615261558150696,0.79843429353196,0.557491724439448,0.557491724439448,0.702667080167468,0.764,143,17,143,477,160,0.205128205128205,0.641255605381166,0.5,0.965587044534413,0.759493670886076,0.576388888888889,0.214722240098497,40.6573440060985,0.198826254937373
34,"0.75","rho0_SM",0.865083025830258,0.745048665924168,0.740485898742779,0.649889281225687,0.617402678478529,0.853085545992101,0.836843550221595,0.759483609253371,0.776,178,16,108,478,124,0.158974358974359,0.741666666666667,0.622377622377622,0.967611336032389,0.840236686390533,0.688102893890675,0.203763517526487,34.0315373916461,0.166424130615301
34,"0.9","rho0_1",0.964046463032389,0.745048665924168,1,0.906334059177661,0.964046463032389,0.745048665924168,1,0.906334059177661,0.766,168,13,118,481,131,0.167948717948718,0.71948608137045,0.587412587412587,0.973684210526316,0.819277108433735,0.664451827242525,0.203235686520831,35.5591443348864,0.173894573531967
34,"0.9","rho0_shift",0.741362976062654,0.644644766255224,0.629416488222698,0.733978426395939,0.757976630138645,0.630607484934232,0.72686596199987,0.822147906057612,0.763,161,20,125,474,145,0.185897435897436,0.689507494646681,0.562937062937063,0.959514170040486,0.804878048780488,0.627062706270627,0.203708031603845,35.7494158138022,0.174825056486499
34,"0.9","rho0_SM",0.627501516070346,0.745048665924168,0.577760114022585,0.588837209302326,0.870279259926547,0.853085545992101,1,0.840254237288136,0.766,178,15,108,479,123,0.157692307692308,0.74321503131524,0.622377622377622,0.969635627530364,0.826347305389222,0.698717948717949,0.200921413933683,33.4301045045809,0.163482948611051
35,"CSDA","None",NA,NA,NA,NA,NA,NA,NA,NA,0.497,113,0,173,494,173,0.221794871794872,0.566416040100251,0.395104895104895,1,0.548148148148148,0.575757575757576,0.285434655246147,52.5999322342279,0.290018221238978
35,"0","rho0_1",0.544991727122311,0.544991727122311,0.544991727122311,0.511088056023862,0.544991727122311,0.544991727122311,0.544991727122311,0.511088056023862,0.787,188,39,98,455,137,0.175641025641026,0.732943469785575,0.657342657342657,0.921052631578947,0.782608695652174,0.710227272727273,0.215480391826259,36.1490025690868,0.199313363712429
35,"0.5","rho0_1",0.879046550094518,0.570389953734303,0.879046550094518,0.906334059177661,0.879046550094518,0.570389953734303,0.879046550094518,0.906334059177661,0.786,199,32,87,462,119,0.152564102564103,0.769825918762089,0.695804195804196,0.935222672064777,0.840236686390533,0.735632183908046,0.213513074513837,34.7209736431936,0.191439695603484
35,"0.5","rho0_shift",0.624042519931218,0.544991727122311,0.544991727122311,0.624042519931218,0.590698733024808,0.419461620136156,0.419461620136156,0.590698733024808,0.791,186,42,100,452,142,0.182051282051282,0.723735408560311,0.65034965034965,0.91497975708502,0.826347305389222,0.674351585014409,0.21348433573579,35.4162321864072,0.195273115865436
35,"0.5","rho0_SM",0.828843427182499,0.745048665924168,0.745048665924168,0.865083025830258,0.56812596705197,0.853085545992101,0.853085545992101,0.617402678478529,0.771,197,28,89,466,117,0.15,0.771037181996086,0.688811188811189,0.94331983805668,0.867052023121387,0.72189349112426,0.212488363849018,34.2619237021124,0.188908649616972
35,"0.75","rho0_1",0.945333914776975,0.745048665924168,1,0.872122762148338,0.945333914776975,0.745048665924168,1,0.872122762148338,0.774,190,33,96,461,129,0.165384615384615,0.746561886051081,0.664335664335664,0.933198380566802,0.812121212121212,0.715116279069767,0.211844221229762,33.5513839877621,0.184990974150055
35,"0.75","rho0_shift",0.585881753312946,0.423152216470179,0.375265372293203,0.585881753312946,0.637422583159017,0.555126756359139,0.365594261905215,0.637422583159017,0.768,193,33,93,461,126,0.161538461538462,0.75390625,0.674825174825175,0.933198380566802,0.819277108433735,0.722543352601156,0.213892984371499,34.8910295691948,0.192377326415447
35,"0.75","rho0_SM",0.633796784396415,0.745048665924168,0.674589127686473,0.540657121879589,0.756528977213609,0.853085545992101,0.902904564315353,0.858405596749194,0.76,194,41,92,453,133,0.170512820512821,0.744721689059501,0.678321678321678,0.917004048582996,0.826347305389222,0.706214689265537,0.212857914651387,34.6058283576956,0.190804823475978
35,"0.9","rho0_1",1,0.729981378026071,1,0.906334059177661,1,0.729981378026071,1,0.906334059177661,0.758,196,32,90,462,122,0.156410256410256,0.762645914396887,0.685314685314685,0.935222672064777,0.812121212121212,0.739255014326648,0.211605928076172,34.4731657397475,0.190073366706968
35,"0.9","rho0_shift",0.74635152284264,0.611061573118078,0.718670076726343,0.718670076726343,0.786577487269134,0.597905903107924,0.822738386308069,0.822738386308069,0.774,192,24,94,470,118,0.151282051282051,0.764940239043825,0.671328671328671,0.951417004048583,0.819277108433735,0.738095238095238,0.211216252577446,32.7881755828064,0.180782901351515
35,"0.9","rho0_SM",0.806229440789474,0.745048665924168,0.577760114022585,0.517786914551305,0.700502234714095,0.853085545992101,1,0.893499365092369,0.805,207,55,79,439,134,0.171794871794872,0.755474452554745,0.723776223776224,0.888663967611336,0.812121212121212,0.731070496083551,0.216995172313914,37.7555303440787,0.208171214053365
36,"CSDA","None",NA,NA,NA,NA,NA,NA,NA,NA,0.42,77,1,209,493,210,0.269230769230769,0.423076923076923,0.269230769230769,0.997975708502024,0.444444444444444,0.411764705882353,0.325792011430942,70.5416424567504,0.381715585443102
36,"0","rho0_1",0.617015578270767,0.450512008251068,0.450512008251068,0.617015578270767,0.617015578270767,0.450512008251068,0.450512008251068,0.617015578270767,0.802,155,20,131,474,151,0.193589743589744,0.672451193058568,0.541958041958042,0.959514170040486,0.759493670886076,0.627062706270627,0.202770124149352,35.9649755019371,0.194614006720721
36,"0.5","rho0_1",0.970172540381791,0.611174748631793,0.854423292273236,0.919574873096447,0.970172540381791,0.611174748631793,0.854423292273236,0.919574873096447,0.754,161,19,125,475,144,0.184615384615385,0.690987124463519,0.562937062937063,0.961538461538462,0.804878048780488,0.629139072847682,0.19983729236147,34.5326276649382,0.186863272911349
36,"0.5","rho0_shift",0.8064237223005,0.450512008251068,0.182841803517637,0.436343782117163,0.569450620218035,0.389810157095686,0.164297585058654,0.42657298591638,0.781,155,9,131,485,140,0.179487179487179,0.688888888888889,0.541958041958042,0.981781376518219,0.775,0.641379310344828,0.200538862514368,35.812565688463,0.193789285334156
36,"0.5","rho0_SM",0.806229440789474,0.532183954783882,0.658306308191233,0.679017737167428,0.700502234714095,0.668120818498376,0.942864816691287,0.634704576012569,0.764,170,20,116,474,136,0.174358974358974,0.714285714285714,0.594405594405594,0.959514170040486,0.782608695652174,0.679365079365079,0.201413637941319,33.881129971878,0.183337882593512
36,"0.75","rho0_1",0.945333914776975,0.532183954783882,0.863092563468883,0.906334059177661,0.945333914776975,0.532183954783882,0.863092563468883,0.906334059177661,0.777,166,22,120,472,142,0.182051282051282,0.70042194092827,0.58041958041958,0.955465587044534,0.790123456790123,0.653846153846154,0.202771663173775,33.9247339913782,0.183573833065482
36,"0.75","rho0_shift",0.605331637078587,0.458674594424319,0.157862265751523,0.625620274102079,0.798823332589784,0.440377735333185,0.194898904151875,0.767041656592664,0.778,166,16,120,478,136,0.174358974358974,0.709401709401709,0.58041958041958,0.967611336032389,0.782608695652174,0.671009771986971,0.202036871278901,34.6593423070628,0.187548952350022
36,"0.75","rho0_SM",0.806229440789474,0.532183954783882,0.577760114022585,0.526033735504276,0.700502234714095,0.668120818498376,1,0.916042140387229,0.76,169,33,117,461,150,0.192307692307692,0.692622950819672,0.590909090909091,0.933198380566802,0.790123456790123,0.644171779141104,0.203255488666384,34.9000243630891,0.188851333308589
36,"0.9","rho0_1",0.926103707446473,0.745048665924168,0.970172540381791,0.72568893377579,0.926103707446473,0.745048665924168,0.970172540381791,0.72568893377579,0.754,166,20,120,474,140,0.179487179487179,0.703389830508475,0.58041958041958,0.959514170040486,0.812121212121212,0.644951140065147,0.203952714538597,35.3797757197469,0.191447368268875
36,"0.9","rho0_shift",0.576163738453179,0.40200302783277,0.443289786223278,0.390782556235456,0.733954541496125,0.474061746815104,0.564523152852373,0.456107172665899,0.766,163,13,123,481,136,0.174358974358974,0.705627705627706,0.56993006993007,0.973684210526316,0.790123456790123,0.66,0.202810593512146,34.3122250737807,0.18567062837988
36,"0.9","rho0_SM",0.672112944162436,0.532183954783882,0.577760114022585,0.582804038242963,0.80905752753978,0.668120818498376,1,0.73594727973038,0.756,175,21,111,473,132,0.169230769230769,0.726141078838174,0.611888111888112,0.95748987854251,0.812121212121212,0.681388012618297,0.202997920347263,35.1599360579123,0.190257769865744
37,"CSDA","None",NA,NA,NA,NA,NA,NA,NA,NA,0.387,124,0,162,494,162,0.207692307692308,0.604878048780488,0.433566433566434,1,0.638888888888889,0.586466165413534,0.303304841518401,47.5832489283728,0.256594829163733
37,"0","rho0_1",0.410392197986577,0.410392197986577,0.410392197986577,0.423750188224665,0.410392197986577,0.410392197986577,0.410392197986577,0.423750188224665,0.785,191,41,95,453,136,0.174358974358974,0.737451737451737,0.667832167832168,0.917004048582996,0.833333333333333,0.691428571428571,0.248737023758063,33.069258789631,0.178327478698853
37,"0.5","rho0_1",1,0.729981378026071,1,0.892843289371606,1,0.729981378026071,1,0.892843289371606,0.764,194,23,92,471,115,0.147435897435897,0.771371769383698,0.678321678321678,0.953441295546559,0.86046511627907,0.725075528700906,0.23769242516797,29.9806205041308,0.16167185658256
37,"0.5","rho0_shift",0.532843894899536,0.50501485884101,0.410392197986577,0.442262540021345,0.560893225745918,0.477959295427581,0.352209908904518,0.50586387434555,0.779,186,33,100,461,133,0.170512820512821,0.736633663366337,0.65034965034965,0.933198380566802,0.853801169590643,0.676646706586826,0.241780352439432,31.3066707864339,0.168822642905753
37,"0.5","rho0_SM",0.657222023596711,0.729981378026071,0.815878925218517,0.612243024963289,0.893499365092369,0.661389621811785,0.784808697942139,0.858405596749194,0.776,185,30,101,464,131,0.167948717948718,0.738522954091816,0.646853146853147,0.939271255060729,0.826347305389222,0.694610778443114,0.241776890153168,30.5842208247959,0.164926798702998
37,"0.75","rho0_1",1,0.729981378026071,1,0.906334059177661,1,0.729981378026071,1,0.906334059177661,0.776,196,26,90,468,116,0.148717948717949,0.771653543307087,0.685314685314685,0.947368421052632,0.873563218390805,0.718562874251497,0.240499962114483,30.5967236472953,0.164994220740701
37,"0.75","rho0_shift",0.705669262814707,0.714703730797366,0.513375071143995,0.743030338526414,0.733954541496125,0.643264433357092,0.485499163413274,0.6808645720171,0.771,186,30,100,464,130,0.166666666666667,0.741035856573705,0.65034965034965,0.939271255060729,0.853801169590643,0.682779456193353,0.240373579312736,30.833067885802,0.166268717772099
37,"0.75","rho0_SM",0.657222023596711,0.745048665924168,0.597597756495053,0.612243024963289,0.893499365092369,0.853085545992101,0.95671903129547,0.858405596749194,0.776,196,22,90,472,112,0.143589743589744,0.777777777777778,0.685314685314685,0.955465587044534,0.873563218390805,0.727272727272727,0.239686533082203,29.6465275192346,0.159870245000441
37,"0.9","rho0_1",1,0.745048665924168,1,0.865083025830258,1,0.745048665924168,1,0.865083025830258,0.771,184,27,102,467,129,0.165384615384615,0.740442655935614,0.643356643356643,0.945344129554656,0.804878048780488,0.708708708708709,0.240627951391074,30.5783184566717,0.16489496991504
37,"0.9","rho0_shift",0.694024593313693,0.541791110330288,0.694024593313693,0.728861815533338,0.856483540072678,0.538476434327025,0.856483540072678,0.80881748315886,0.778,191,18,95,476,113,0.144871794871795,0.771717171717172,0.667832167832168,0.963562753036437,0.847058823529412,0.732307692307692,0.238959518656763,29.5751134569392,0.159485141428758
37,"0.9","rho0_SM",0.657222023596711,0.745048665924168,0.657222023596711,0.604511093356278,0.893499365092369,0.853085545992101,0.893499365092369,0.852401110145496,0.813,204,47,82,447,129,0.165384615384615,0.759776536312849,0.713286713286713,0.904858299595142,0.833333333333333,0.726287262872629,0.246808291955378,30.7324730824163,0.165726255729871
38,"CSDA","None",NA,NA,NA,NA,NA,NA,NA,NA,0.383,138,2,148,492,150,0.192307692307692,0.647887323943662,0.482517482517482,0.995951417004049,0.6,0.671328671328671,0.279952127542785,57.241918613355,0.28500500189337
38,"0","rho0_1",0.941648213537614,0.729981378026071,0.530685920577617,0.941648213537614,0.941648213537614,0.729981378026071,0.530685920577617,0.941648213537614,0.777,192,31,94,463,125,0.16025641025641,0.754420432220039,0.671328671328671,0.937246963562753,0.819277108433735,0.723032069970845,0.25509406630986,33.4511679326576,0.166551897821227
38,"0.5","rho0_1",1,0.729981378026071,1,0.899620359050254,1,0.729981378026071,1,0.899620359050254,0.801,201,40,85,454,125,0.16025641025641,0.76280834914611,0.702797202797203,0.919028340080972,0.840236686390533,0.726256983240223,0.25625854453231,33.3781941949611,0.166188564782186
38,"0.5","rho0_shift",0.837479935794542,0.701501603654388,0.839011503109692,0.837479935794542,0.734155268734348,0.575198607674366,0.62102656940525,0.734155268734348,0.781,191,37,95,457,132,0.169230769230769,0.743190661478599,0.667832167832168,0.925101214574899,0.833333333333333,0.699421965317919,0.255190936140633,33.4338793009791,0.166465818482455
38,"0.5","rho0_SM",0.772790323475559,0.729981378026071,0.845229906344251,0.678842421034057,0.814634021015852,0.661389621811785,0.764359170386446,0.857802625182304,0.797,199,40,87,454,127,0.162820512820513,0.758095238095238,0.695804195804196,0.919028340080972,0.86046511627907,0.708215297450425,0.257197126927671,33.4418398738798,0.166505453825742
38,"0.75","rho0_1",1,0.729981378026071,1,0.912985274431058,1,0.729981378026071,1,0.912985274431058,0.792,201,33,85,461,118,0.151282051282051,0.773076923076923,0.702797202797203,0.933198380566802,0.853801169590643,0.73352435530086,0.256390319367434,33.528808758325,0.166938468086557
38,"0.75","rho0_shift",0.80294321985726,0.729981378026071,0.665963257199603,0.726939578119414,0.757976630138645,0.514078110808356,0.547634869812119,0.698051529098026,0.792,204,32,82,462,114,0.146153846153846,0.781609195402299,0.713286713286713,0.935222672064777,0.873563218390805,0.735632183908046,0.255534882575816,33.5625258668788,0.167106344091065
38,"0.75","rho0_SM",0.829809930178433,0.745048665924168,0.674589127686473,0.739412006578947,0.646289551059815,0.853085545992101,0.902904564315353,0.700502234714095,0.795,197,34,89,460,123,0.157692307692308,0.762088974854932,0.688811188811189,0.931174089068826,0.853801169590643,0.716763005780347,0.255656602244381,33.3898252933738,0.166246475510991
38,"0.9","rho0_1",1,0.729981378026071,1,0.899620359050254,1,0.729981378026071,1,0.899620359050254,0.771,205,40,81,454,121,0.155128205128205,0.772128060263653,0.716783216783217,0.919028340080972,0.840236686390533,0.740331491712707,0.255714720851302,32.35321949398,0.161085260705903
38,"0.9","rho0_shift",0.694024593313693,0.577821659687857,0.705669262814707,0.80294321985726,0.856483540072678,0.665045670314876,0.733954541496125,0.757976630138645,0.779,197,41,89,453,130,0.166666666666667,0.751908396946565,0.688811188811189,0.917004048582996,0.819277108433735,0.720670391061452,0.254857471655086,32.558575581803,0.162107719659352
38,"0.9","rho0_SM",0.806229440789474,0.745048665924168,0.597597756495053,0.650013053126224,0.700502234714095,0.853085545992101,0.95671903129547,0.769975965437414,0.779,199,34,87,460,121,0.155128205128205,0.766859344894027,0.695804195804196,0.931174089068826,0.853801169590643,0.724137931034483,0.257542046250227,33.2440436652868,0.16552063517937
39,"CSDA","None",NA,NA,NA,NA,NA,NA,NA,NA,0.393,134,0,152,494,152,0.194871794871795,0.638095238095238,0.468531468531469,1,0.638888888888889,0.63768115942029,0.28371471055753,57.2107081662173,0.287583388797101
39,"0","rho0_1",0.677979887607217,0.729981378026071,0.530685920577617,0.677979887607217,0.677979887607217,0.729981378026071,0.530685920577617,0.677979887607217,0.803,186,36,100,458,136,0.174358974358974,0.732283464566929,0.65034965034965,0.927125506072874,0.86046511627907,0.666666666666667,0.254748867672058,39.2559382658099,0.197329418193738
39,"0.5","rho0_1",0.964046463032389,0.704600540691713,1,0.843551514341111,0.964046463032389,0.704600540691713,1,0.843551514341111,0.777,211,32,75,462,107,0.137179487179487,0.79773156899811,0.737762237762238,0.935222672064777,0.886363636363636,0.753541076487252,0.251702163705774,34.1069091941178,0.171446584771194
39,"0.5","rho0_shift",0.799557687515574,0.701501603654388,0.744245182012848,0.781037659795002,0.766875382937071,0.575198607674366,0.615589131703521,0.685881323686659,0.806,195,44,91,450,135,0.173076923076923,0.742857142857143,0.681818181818182,0.910931174089069,0.867052023121387,0.681818181818182,0.25514404245612,35.8928706560204,0.180424149740023
39,"0.5","rho0_SM",1,0.729981378026071,0.845229906344251,0.747053183689583,0.577760114022585,0.661389621811785,0.764359170386446,0.740887418253824,0.775,204,36,82,458,118,0.151282051282051,0.775665399239544,0.713286713286713,0.927125506072874,0.905027932960894,0.708933717579251,0.251926138693182,34.9832442007769,0.175851693517696
39,"0.75","rho0_1",1,0.704600540691713,1,0.919574873096447,1,0.704600540691713,1,0.919574873096447,0.785,209,35,77,459,112,0.143589743589744,0.788679245283019,0.730769230769231,0.92914979757085,0.886363636363636,0.740112994350282,0.250814302767222,34.766528972106,0.174762322281736
39,"0.75","rho0_shift",0.784278778194333,0.701501603654388,0.784278778194333,0.748679743493021,0.787061358203229,0.575198607674366,0.787061358203229,0.811909390966225,0.779,198,38,88,456,126,0.161538461538462,0.758620689655172,0.692307692307692,0.923076923076923,0.886363636363636,0.69364161849711,0.253167595825835,35.2101586762258,0.176992333721398
39,"0.75","rho0_SM",0.692949203942381,0.745048665924168,0.845229906344251,0.657222023596711,0.869292436388986,0.853085545992101,0.764359170386446,0.840249047638553,0.788,209,41,77,453,118,0.151282051282051,0.779850746268657,0.730769230769231,0.917004048582996,0.898876404494382,0.720670391061452,0.25255565032275,35.0717497213472,0.176296587810193
39,"0.9","rho0_1",1,0.729981378026071,1,0.912985274431058,1,0.729981378026071,1,0.912985274431058,0.784,207,39,79,455,118,0.151282051282051,0.778195488721805,0.723776223776224,0.921052631578947,0.911111111111111,0.710227272727273,0.251881385410213,34.9190907935122,0.175529210981551
39,"0.9","rho0_shift",0.748679743493021,0.62756052141527,0.748679743493021,0.774145807863072,0.811909390966225,0.613987284287012,0.811909390966225,0.777781199950721,0.783,208,33,78,461,111,0.142307692307692,0.789373814041746,0.727272727272727,0.933198380566802,0.898876404494382,0.73352435530086,0.25180388960929,35.6049581480041,0.178976888250237
39,"0.9","rho0_SM",0.657222023596711,0.745048665924168,0.597597756495053,0.619906194798075,0.893499365092369,0.853085545992101,0.95671903129547,0.864364809971621,0.787,207,31,79,463,110,0.141025641025641,0.790076335877863,0.723776223776224,0.937246963562753,0.898876404494382,0.734104046242775,0.252478235104462,34.5515119490349,0.173681487484792
40,"CSDA","None",NA,NA,NA,NA,NA,NA,NA,NA,0.238,75,0,211,494,211,0.27051282051282,0.415512465373961,0.262237762237762,1,0.48062015503876,0.379310344827586,0.344232870986853,66.3647384569787,0.3443914976927
40,"0","rho0_1",0.537494010541447,0.544991727122311,0.244576446280992,0.532183954783882,0.537494010541447,0.544991727122311,0.244576446280992,0.532183954783882,0.765,157,13,129,481,142,0.182051282051282,0.68859649122807,0.548951048951049,0.973684210526316,0.759493670886076,0.651006711409396,0.206451438524715,38.5168579901157,0.199878410102256
40,"0.5","rho0_1",0.97624413717488,0.729981378026071,1,0.932572614107884,0.97624413717488,0.729981378026071,1,0.932572614107884,0.766,150,12,136,482,148,0.18974358974359,0.669642857142857,0.524475524475524,0.975708502024291,0.797546012269939,0.596491228070175,0.216418610824478,39.937367417852,0.207249965851276
40,"0.5","rho0_shift",0.779383242823894,0.614116094986807,0.0968548340212778,0.591075347476225,0.650132244443413,0.462535105394485,0.0608973419687601,0.541339985744832,0.752,140,7,146,487,153,0.196153846153846,0.646651270207852,0.48951048951049,0.98582995951417,0.759493670886076,0.581818181818182,0.223751879245281,41.0291703986229,0.212915740665966
40,"0.5","rho0_SM",0.806229440789474,0.729981378026071,0.845229906344251,0.765327271511667,0.700502234714095,0.661389621811785,0.764359170386446,0.59511916225325,0.767,143,10,143,484,153,0.196153846153846,0.651480637813212,0.5,0.979757085020243,0.759493670886076,0.590747330960854,0.220188527572102,38.8867616015846,0.201797978561617
40,"0.75","rho0_1",0.865083025830258,0.729981378026071,1,0.828843427182499,0.865083025830258,0.729981378026071,1,0.828843427182499,0.776,158,11,128,483,139,0.178205128205128,0.694505494505494,0.552447552447552,0.977732793522267,0.782608695652174,0.646258503401361,0.209341949959409,37.6485618696798,0.195372496143875
40,"0.75","rho0_shift",0.672344491302056,0.40121574197861,0.556226191065156,0.511780518659076,0.742132523102596,0.543911121141556,0.760499951835083,0.46163579891867,0.779,148,12,138,482,150,0.192307692307692,0.663677130044843,0.517482517482518,0.975708502024291,0.767295597484277,0.606271777003484,0.215670846719445,39.5144331582173,0.205055201485625
40,"0.75","rho0_SM",0.782926320183678,0.609378556794901,0.772790323475559,0.850798403193613,0.642123926838372,0.633109861591695,0.814634021015852,0.602607327489323,0.789,161,12,125,482,137,0.175641025641026,0.701525054466231,0.562937062937063,0.975708502024291,0.751592356687898,0.675496688741722,0.20814935217885,38.8509716452866,0.201612251066287
40,"0.9","rho0_1",0.857975236707939,0.729981378026071,1,0.782926320183678,0.857975236707939,0.729981378026071,1,0.782926320183678,0.769,158,12,128,482,140,0.179487179487179,0.692982456140351,0.552447552447552,0.975708502024291,0.797546012269939,0.63481228668942,0.208400033861276,38.159373580475,0.198023289535214
40,"0.9","rho0_shift",0.645339395907762,0.53731054186238,0.631580632765467,0.547098690222358,0.763709802703123,0.792910579850376,0.856483540072678,0.593143514937856,0.77,144,9,142,485,151,0.193589743589744,0.656036446469248,0.503496503496504,0.981781376518219,0.743589743589744,0.607773851590106,0.212483681859897,40.0904836198492,0.208044543202937
40,"0.9","rho0_SM",0.806229440789474,0.55329251530676,0.642492185621544,0.56738768718802,0.700502234714095,0.692109365631371,0.88197587245691,0.480377906976744,0.767,162,8,124,486,132,0.169230769230769,0.710526315789474,0.566433566433566,0.983805668016194,0.767295597484277,0.68013468013468,0.204773027790693,36.4278703877174,0.189037870596209
41,"CSDA","None",NA,NA,NA,NA,NA,NA,NA,NA,0.346,125,0,161,494,161,0.206410256410256,0.608272506082725,0.437062937062937,1,0.589928057553957,0.617647058823529,0.277743626759427,53.9276215475707,0.259627128293163
41,"0","rho0_1",0.62756052141527,0.662550862915673,0.252410940134907,0.63938546161506,0.62756052141527,0.662550862915673,0.252410940134907,0.63938546161506,0.787,205,48,81,446,129,0.165384615384615,0.760667903525046,0.716783216783217,0.902834008097166,0.86046511627907,0.713896457765668,0.224116741615036,36.9329541685169,0.177808636001063
41,"0.5","rho0_1",0.970172540381791,0.729981378026071,1,0.951627906976744,0.970172540381791,0.729981378026071,1,0.951627906976744,0.79,200,47,86,447,133,0.170512820512821,0.75046904315197,0.699300699300699,0.904858299595142,0.873563218390805,0.690807799442897,0.223263077566167,36.2199129327896,0.17437579689053
41,"0.5","rho0_shift",0.485754650341417,0.516827544600534,0.244798948604664,0.451635941614962,0.547293414550052,0.472588773494205,0.216337466074082,0.501518495051236,0.787,197,48,89,446,137,0.175641025641026,0.741996233521657,0.688811188811189,0.902834008097166,0.853801169590643,0.688888888888889,0.223814968316352,37.3843000066597,0.179981578557424
41,"0.5","rho0_SM",0.926103707446473,0.729981378026071,0.845229906344251,0.720454154481335,0.625193642779276,0.661389621811785,0.764359170386446,0.77840323475779,0.786,193,42,93,452,135,0.173076923076923,0.740882917466411,0.674825174825175,0.91497975708502,0.833333333333333,0.696883852691218,0.224674657849165,37.0977070848576,0.178601816291978
41,"0.75","rho0_1",1,0.729981378026071,1,0.926103707446473,1,0.729981378026071,1,0.926103707446473,0.796,205,41,81,453,122,0.156410256410256,0.770676691729323,0.716783216783217,0.917004048582996,0.873563218390805,0.720670391061452,0.223441886467062,35.7858053720003,0.172285845653229
41,"0.75","rho0_shift",0.56022668131614,0.489140170174653,0.431547365733254,0.436617917774596,0.60308387240687,0.529888773217906,0.609116440286898,0.534912609781245,0.79,189,49,97,445,146,0.187179487179487,0.721374045801527,0.660839160839161,0.90080971659919,0.819277108433735,0.675977653631285,0.223949517944706,36.6399511447219,0.176398013179843
41,"0.75","rho0_SM",0.843551514341111,0.745048665924168,0.674589127686473,0.642492185621544,0.677268897448243,0.853085545992101,0.902904564315353,0.828328541755506,0.81,199,60,87,434,147,0.188461538461538,0.730275229357798,0.695804195804196,0.878542510121457,0.867052023121387,0.666666666666667,0.226452288087344,37.4183740455249,0.1801456233383
41,"0.9","rho0_1",1,0.638321550144017,1,0.879095418352695,1,0.638321550144017,1,0.879095418352695,0.781,199,48,87,446,135,0.173076923076923,0.74671669793621,0.695804195804196,0.902834008097166,0.840236686390533,0.703296703296703,0.224664448267988,36.9580881167693,0.177929639943387
41,"0.9","rho0_shift",0.659966960352423,0.565754698512138,0.609828966122136,0.624715693707354,0.713441784596394,0.804760599306292,0.875873592637288,0.786262331019364,0.794,198,44,88,450,132,0.169230769230769,0.75,0.692307692307692,0.910931174089069,0.867052023121387,0.692957746478873,0.223684300291937,36.7149756507553,0.176759208361349
41,"0.9","rho0_SM",0.806229440789474,0.638321550144017,0.657222023596711,0.627501516070346,0.700502234714095,0.577513202712415,0.893499365092369,0.870279259926547,0.789,194,42,92,452,134,0.171794871794872,0.743295019157088,0.678321678321678,0.91497975708502,0.86046511627907,0.685714285714286,0.225568836133061,37.1088515068533,0.178655469581261
42,"CSDA","None",NA,NA,NA,NA,NA,NA,NA,NA,0.275,90,1,196,493,197,0.252564102564103,0.477453580901857,0.314685314685315,0.997975708502024,0.548148148148148,0.43801652892562,0.331318715896347,71.997503127841,0.377318798675595
42,"0","rho0_1",0.544991727122311,0.544991727122311,0.544991727122311,0.68392357188467,0.544991727122311,0.544991727122311,0.544991727122311,0.68392357188467,0.778,173,21,113,473,134,0.171794871794872,0.720833333333333,0.604895104895105,0.95748987854251,0.797546012269939,0.681388012618297,0.205737650052776,39.523634469135,0.207132325835068
42,"0.5","rho0_1",0.97624413717488,0.729981378026071,0.845229906344251,0.932572614107884,0.97624413717488,0.729981378026071,0.845229906344251,0.932572614107884,0.771,171,14,115,480,129,0.165384615384615,0.726114649681529,0.597902097902098,0.97165991902834,0.812121212121212,0.679738562091503,0.19825568715477,36.4773003897578,0.19116734003335
42,"0.5","rho0_shift",0.664595239416301,0.729981378026071,0.312224222015792,0.653400309119011,0.59722632044851,0.514078110808356,0.277741205066807,0.531619440795646,0.782,165,12,121,482,133,0.170512820512821,0.712742980561555,0.576923076923077,0.975708502024291,0.804878048780488,0.662207357859532,0.206799891871407,40.4496187495234,0.211985150739958
42,"0.5","rho0_SM",0.635029885890237,0.729981378026071,0.674589127686473,0.813842482100239,0.843840609725789,0.661389621811785,0.902904564315353,0.648057509941878,0.762,188,17,98,477,115,0.147435897435897,0.765784114052953,0.657342657342657,0.965587044534413,0.840236686390533,0.726708074534162,0.197083530077926,31.897319046705,0.167164937404904
42,"0.75","rho0_1",0.886001948684638,0.729981378026071,1,0.850798403193613,0.886001948684638,0.729981378026071,1,0.850798403193613,0.766,177,13,109,481,122,0.156410256410256,0.743697478991597,0.618881118881119,0.973684210526316,0.833333333333333,0.694805194805195,0.19685928187687,35.6093192001932,0.186618493122118
42,"0.75","rho0_shift",0.738955823293173,0.729981378026071,0.697764846639113,0.653400309119011,0.791609416506366,0.514078110808356,0.63039500875311,0.580409082379433,0.764,160,10,126,484,136,0.174358974358974,0.701754385964912,0.559440559440559,0.979757085020243,0.812121212121212,0.639175257731959,0.202134626629362,39.9312493532108,0.209268521559921
42,"0.75","rho0_SM",0.612243024963289,0.729981378026071,0.692949203942381,0.588837209302326,0.858405596749194,0.661389621811785,0.869292436388986,0.840254237288136,0.777,181,11,105,483,116,0.148717948717949,0.757322175732218,0.632867132867133,0.977732793522267,0.86046511627907,0.699346405228758,0.197591425907268,33.9450468847528,0.177896506894124
42,"0.9","rho0_1",0.964046463032389,0.729981378026071,1,0.892843289371606,0.964046463032389,0.729981378026071,1,0.892843289371606,0.765,185,12,101,482,113,0.144871794871795,0.766045548654244,0.646853146853147,0.975708502024291,0.86046511627907,0.713826366559486,0.197066098883195,35.8269680900892,0.187759130145638
42,"0.9","rho0_shift",0.738955823293173,0.611061573118078,0.689233122968063,0.710892198207696,0.791609416506366,0.597905903107924,0.863057616561326,0.815808945073283,0.767,168,13,118,481,131,0.167948717948718,0.71948608137045,0.587412587412587,0.973684210526316,0.833333333333333,0.655518394648829,0.199382712745867,36.715256648112,0.192414402301331
42,"0.9","rho0_SM",0.642492185621544,0.745048665924168,0.657222023596711,0.572876900932474,0.88197587245691,0.853085545992101,0.893499365092369,0.827919952176265,0.807,185,23,101,471,124,0.158974358974359,0.748987854251012,0.646853146853147,0.953441295546559,0.86046511627907,0.68944099378882,0.198504056653672,33.0665857368791,0.173292737449365
43,"CSDA","None",NA,NA,NA,NA,NA,NA,NA,NA,0.383,98,1,188,493,189,0.242307692307692,0.509090909090909,0.342657342657343,0.997975708502024,0.492307692307692,0.517647058823529,0.339814482170627,67.7859290047498,0.359467070546117
43,"0","rho0_1",0.742418404975508,0.729981378026071,0.530685920577617,0.845229906344251,0.742418404975508,0.729981378026071,0.530685920577617,0.845229906344251,0.768,167,17,119,477,136,0.174358974358974,0.71063829787234,0.583916083916084,0.965587044534413,0.767295597484277,0.681672025723473,0.223898628117909,39.6111768955789,0.210057071262386
43,"0.5","rho0_1",0.964046463032389,0.729981378026071,1,0.872122762148338,0.964046463032389,0.729981378026071,1,0.872122762148338,0.783,181,33,105,461,138,0.176923076923077,0.724,0.632867132867133,0.933198380566802,0.847058823529412,0.660606060606061,0.216895679876283,35.4816995560369,0.188158557161802
43,"0.5","rho0_shift",0.795843908629442,0.701501603654388,0.638321550144017,0.802041622017935,0.703579843429353,0.575198607674366,0.466204728450903,0.644131506550813,0.777,171,27,115,467,142,0.182051282051282,0.706611570247934,0.597902097902098,0.945344129554656,0.790123456790123,0.664596273291925,0.217743569813383,35.9515511280834,0.190650168188969
43,"0.5","rho0_SM",0.886001948684638,0.704600540691713,0.845229906344251,0.642492185621544,0.62769863416067,0.638342735391851,0.764359170386446,0.828328541755506,0.775,183,17,103,477,120,0.153846153846154,0.753086419753086,0.63986013986014,0.965587044534413,0.847058823529412,0.70253164556962,0.21710941801467,35.4026784088904,0.187739510013035
43,"0.75","rho0_1",1,0.729981378026071,1,0.899620359050254,1,0.729981378026071,1,0.899620359050254,0.764,186,22,100,472,122,0.156410256410256,0.753036437246964,0.65034965034965,0.955465587044534,0.86046511627907,0.695652173913043,0.216177922419874,35.2825238518786,0.187102333429989
43,"0.75","rho0_shift",0.738955823293173,0.593179023190443,0.689508103497299,0.711236933797909,0.791609416506366,0.488128408980883,0.727010705462531,0.63972286374134,0.788,176,25,110,469,135,0.173076923076923,0.722792607802875,0.615384615384615,0.949392712550607,0.853801169590643,0.651898734177215,0.220738587448153,37.4574431665421,0.198635875659108
43,"0.75","rho0_SM",0.821380105848826,0.745048665924168,0.692949203942381,0.588837209302326,0.655450792828746,0.853085545992101,0.869292436388986,0.785169491525424,0.77,184,21,102,473,123,0.157692307692308,0.74949083503055,0.643356643356643,0.95748987854251,0.833333333333333,0.705882352941177,0.215262258164379,34.0866898705368,0.180760856010652
43,"0.9","rho0_1",0.970172540381791,0.704600540691713,1,0.865083025830258,0.970172540381791,0.704600540691713,1,0.865083025830258,0.762,187,32,99,462,131,0.167948717948718,0.740594059405941,0.653846153846154,0.935222672064777,0.847058823529412,0.686567164179104,0.216458525063767,34.1656938174206,0.18117981194686
43,"0.9","rho0_shift",0.74635152284264,0.571694599627561,0.718670076726343,0.689069073144253,0.786577487269134,0.722979109900091,0.822738386308069,0.772900053378193,0.768,183,25,103,469,128,0.164102564102564,0.740890688259109,0.63986013986014,0.949392712550607,0.833333333333333,0.693251533742331,0.220336678201712,38.5467149210104,0.204412256279043
43,"0.9","rho0_SM",0.806229440789474,0.745048665924168,0.740485898742779,0.596709470304976,0.700502234714095,0.853085545992101,0.836843550221595,0.846350832266325,0.768,193,17,93,477,110,0.141025641025641,0.778225806451613,0.674825174825175,0.965587044534413,0.847058823529412,0.742331288343558,0.21531511220981,33.4965461203812,0.177631338599234
44,"CSDA","None",NA,NA,NA,NA,NA,NA,NA,NA,0.382,93,1,193,493,194,0.248717948717949,0.489473684210526,0.325174825174825,0.997975708502024,0.526315789473684,0.469635627530364,0.309998822666114,72.7176526633409,0.330813818886875
44,"0","rho0_1",0.701501603654388,0.532183954783882,0.532183954783882,0.815878925218517,0.701501603654388,0.532183954783882,0.532183954783882,0.815878925218517,0.769,177,28,109,466,137,0.175641025641026,0.720977596741344,0.618881118881119,0.94331983805668,0.804878048780488,0.678899082568807,0.196879213333634,42.4222720898762,0.192991293336741
44,"0.5","rho0_1",0.865083025830258,0.611174748631793,1,0.843551514341111,0.865083025830258,0.611174748631793,1,0.843551514341111,0.775,180,15,106,479,121,0.155128205128205,0.748440748440748,0.629370629370629,0.969635627530364,0.812121212121212,0.715189873417722,0.193988660423303,38.8166200264296,0.176588130074467
44,"0.5","rho0_shift",0.671336206896552,0.570389953734303,0.355930540567056,0.517764769942826,0.551849921834289,0.423438005827129,0.3892107697551,0.420125828035019,0.78,170,29,116,465,145,0.185897435897436,0.701030927835051,0.594405594405594,0.941295546558704,0.767295597484277,0.668711656441718,0.196028411069846,40.8786385272651,0.185968853872509
44,"0.5","rho0_SM",0.695109780439122,0.729981378026071,0.745048665924168,0.692949203942381,0.742863564846033,0.661389621811785,0.853085545992101,0.796096200766818,0.791,170,22,116,472,138,0.176923076923077,0.711297071129707,0.594405594405594,0.955465587044534,0.804878048780488,0.662420382165605,0.193045793691388,38.8145586309695,0.176578752185063
44,"0.75","rho0_1",0.970172540381791,0.729981378026071,1,0.850798403193613,0.970172540381791,0.729981378026071,1,0.850798403193613,0.773,179,25,107,469,132,0.169230769230769,0.730612244897959,0.625874125874126,0.949392712550607,0.804878048780488,0.693251533742331,0.192503219817482,38.8738477996239,0.176848475912147
44,"0.75","rho0_shift",0.777281033807597,0.60010133178923,0.475106780565937,0.689233122968063,0.768751852949896,0.733973115054864,0.702682392916653,0.863057616561326,0.791,167,24,119,470,143,0.183333333333333,0.70020964360587,0.583916083916084,0.951417004048583,0.790123456790123,0.653968253968254,0.195639979026746,40.8355109130269,0.185772653771941
44,"0.75","rho0_SM",0.872122762148338,0.729981378026071,0.740485898742779,0.766992338511281,0.624711316397229,0.661389621811785,0.836843550221595,0.663550522320168,0.788,182,19,104,475,123,0.157692307692308,0.747433264887064,0.636363636363636,0.961538461538462,0.819277108433735,0.710280373831776,0.192311710018775,38.9967972411447,0.177407808794739
44,"0.9","rho0_1",0.899620359050254,0.745048665924168,1,0.857975236707939,0.899620359050254,0.745048665924168,1,0.857975236707939,0.783,182,22,104,472,126,0.161538461538462,0.742857142857143,0.636363636363636,0.955465587044534,0.804878048780488,0.711656441717791,0.191571194971947,38.4167915043708,0.174769193469149
44,"0.9","rho0_shift",0.590283165244376,0.565754698512138,0.661395348837209,0.531002899314707,0.843162730267737,0.804760599306292,0.901339285714286,0.815808945073283,0.785,169,18,117,476,135,0.173076923076923,0.714587737843552,0.590909090909091,0.963562753036437,0.804878048780488,0.666666666666667,0.191599297361141,39.4319304903588,0.179387356904792
44,"0.9","rho0_SM",0.806229440789474,0.745048665924168,0.657222023596711,0.717165856842411,0.700502234714095,0.853085545992101,0.893499365092369,0.617080865310327,0.79,191,27,95,467,122,0.156410256410256,0.757936507936508,0.667832167832168,0.945344129554656,0.847058823529412,0.712574850299401,0.192224076658609,38.9702325405298,0.177286958220826
45,"CSDA","None",NA,NA,NA,NA,NA,NA,NA,NA,0.507,103,0,183,494,183,0.234615384615385,0.529562982005141,0.36013986013986,1,0.48062015503876,0.553846153846154,0.342879274195417,58.3636349539321,0.302537323778673
45,"0","rho0_1",0.63938546161506,0.532183954783882,0.532183954783882,0.773794108125607,0.63938546161506,0.532183954783882,0.532183954783882,0.773794108125607,0.776,184,22,102,472,124,0.158974358974359,0.747967479674797,0.643356643356643,0.955465587044534,0.819277108433735,0.711656441717791,0.242299494321079,34.7904285547985,0.180341802843325
45,"0.5","rho0_1",0.951627906976744,0.729981378026071,0.815878925218517,0.906334059177661,0.951627906976744,0.729981378026071,0.815878925218517,0.906334059177661,0.778,177,25,109,469,134,0.171794871794872,0.725409836065574,0.618881118881119,0.949392712550607,0.812121212121212,0.681114551083591,0.220376168677159,33.7395070692959,0.174894181666605
45,"0.5","rho0_shift",0.454575021682567,0.460964340717924,0.460964340717924,0.354792303542528,0.477706329383005,0.450212914892376,0.450212914892376,0.372421763869132,0.78,186,18,100,476,118,0.151282051282051,0.759183673469388,0.65034965034965,0.963562753036437,0.819277108433735,0.728395061728395,0.220731450449345,33.5429358442942,0.173875222988125
45,"0.5","rho0_SM",0.865083025830258,0.745048665924168,0.815878925218517,0.73386408871197,0.617402678478529,0.853085545992101,0.784808697942139,0.739044870112831,0.767,191,10,95,484,105,0.134615384615385,0.784394250513347,0.667832167832168,0.979757085020243,0.840236686390533,0.754716981132076,0.220083244207572,32.8947042304639,0.170515009769881
45,"0.75","rho0_1",0.872122762148338,0.729981378026071,0.970172540381791,0.843551514341111,0.872122762148338,0.729981378026071,0.970172540381791,0.843551514341111,0.778,190,13,96,481,109,0.13974358974359,0.777096114519427,0.664335664335664,0.973684210526316,0.840236686390533,0.74375,0.2242068429794,33.4395595441641,0.173339355247739
45,"0.75","rho0_shift",0.609487452281119,0.430062630480167,0.360211525842436,0.616495605678815,0.888795509799802,0.41218872870249,0.46947356404939,0.706489980226072,0.772,175,19,111,475,130,0.166666666666667,0.729166666666667,0.611888111888112,0.961538461538462,0.819277108433735,0.681528662420382,0.221274664969433,34.0274013450961,0.176386528121731
45,"0.75","rho0_SM",0.635029885890237,0.745048665924168,0.740485898742779,0.619906194798075,0.876149449092867,0.853085545992101,0.836843550221595,0.864364809971621,0.771,191,24,95,470,119,0.152564102564103,0.7624750499002,0.667832167832168,0.951417004048583,0.86046511627907,0.711246200607903,0.221210107714642,32.8058976351057,0.170054666446256
45,"0.9","rho0_1",0.892843289371606,0.745048665924168,0.970172540381791,0.899620359050254,0.892843289371606,0.745048665924168,0.970172540381791,0.899620359050254,0.767,180,15,106,479,121,0.155128205128205,0.748440748440748,0.629370629370629,0.969635627530364,0.812121212121212,0.715189873417722,0.220635937973242,33.6178088655304,0.174263339380908
45,"0.9","rho0_shift",0.609487452281119,0.565754698512138,0.605331637078587,0.610247461928934,0.888795509799802,0.804760599306292,0.798823332589784,0.869575131108915,0.775,174,17,112,477,129,0.165384615384615,0.729559748427673,0.608391608391608,0.965587044534413,0.797546012269939,0.694267515923567,0.221064701777225,34.3444363530474,0.178029930266327
45,"0.9","rho0_SM",0.635029885890237,0.745048665924168,0.556400155357044,0.564786872878159,0.876149449092867,0.853085545992101,0.984970326028312,0.821681169360024,0.78,198,29,88,465,117,0.15,0.771929824561403,0.692307692307692,0.941295546558704,0.840236686390533,0.738372093023256,0.223952419401206,35.0364931825524,0.181617318564991
46,"CSDA","None",NA,NA,NA,NA,NA,NA,NA,NA,0.374,94,2,192,492,194,0.248717948717949,0.492146596858639,0.328671328671329,0.995951417004049,0.46875,0.503937007874016,0.322145860353506,65.269217672715,0.340835075587539
46,"0","rho0_1",0.539428887564899,0.416823751178134,0.411732635481409,0.539428887564899,0.539428887564899,0.416823751178134,0.411732635481409,0.539428887564899,0.783,166,18,120,476,138,0.176923076923077,0.706382978723404,0.58041958041958,0.963562753036437,0.718954248366013,0.700315457413249,0.228412867946517,40.7842981979842,0.212975118359748
46,"0.5","rho0_1",0.912985274431058,0.544991727122311,0.611174748631793,0.945333914776975,0.912985274431058,0.544991727122311,0.611174748631793,0.945333914776975,0.775,177,20,109,474,129,0.165384615384615,0.732919254658385,0.618881118881119,0.959514170040486,0.797546012269939,0.7,0.220750418419388,35.7165052340127,0.186511163994637
46,"0.5","rho0_shift",0.661712831781646,0.433548361246895,0.292911368966794,0.438524590163934,0.744451260316752,0.500211941681535,0.305650415550729,0.492957746478873,0.782,167,25,119,469,144,0.184615384615385,0.698744769874477,0.583916083916084,0.949392712550607,0.735483870967742,0.681114551083591,0.224979674043233,37.8630721818117,0.197720510973108
46,"0.5","rho0_SM",0.892843289371606,0.729981378026071,0.532183954783882,0.749457514846962,0.543599420722342,0.661389621811785,0.668120818498376,0.445417319517044,0.789,173,23,113,471,136,0.174358974358974,0.717842323651452,0.604895104895105,0.953441295546559,0.751592356687898,0.701538461538462,0.22107447612607,35.7209523998525,0.186534387041568
46,"0.75","rho0_1",0.906334059177661,0.729981378026071,1,0.892843289371606,0.906334059177661,0.729981378026071,1,0.892843289371606,0.781,179,19,107,475,126,0.161538461538462,0.739669421487603,0.625874125874126,0.961538461538462,0.782608695652174,0.718266253869969,0.221065700580521,36.3614057728143,0.189878826910272
46,"0.75","rho0_shift",0.479546271108146,0.468119926682378,0.443289786223278,0.443289786223278,0.528410082525119,0.507907484040676,0.564523152852373,0.564523152852373,0.786,156,18,130,476,148,0.18974358974359,0.678260869565217,0.545454545454545,0.963562753036437,0.718954248366013,0.657980456026059,0.222918110660097,36.9816349991874,0.193117656526899
46,"0.75","rho0_SM",0.806229440789474,0.532183954783882,0.657222023596711,0.668940609951846,0.700502234714095,0.668120818498376,0.893499365092369,0.714651545637461,0.796,183,20,103,474,123,0.157692307692308,0.748466257668712,0.63986013986014,0.959514170040486,0.782608695652174,0.731707317073171,0.21859327802059,35.0184970384121,0.182866173529129
46,"0.9","rho0_1",0.843551514341111,0.729981378026071,1,0.806229440789474,0.843551514341111,0.729981378026071,1,0.806229440789474,0.789,178,20,108,474,128,0.164102564102564,0.735537190082645,0.622377622377622,0.959514170040486,0.767295597484277,0.72,0.21966102066414,35.2913556703607,0.184291038048132
46,"0.9","rho0_shift",0.661395348837209,0.565754698512138,0.661395348837209,0.628789976464073,0.901339285714286,0.804760599306292,0.901339285714286,0.742960241221927,0.777,176,19,110,475,129,0.165384615384615,0.731808731808732,0.615384615384615,0.961538461538462,0.759493670886076,0.718266253869969,0.220393414255544,35.4260144223147,0.184994224443454
46,"0.9","rho0_SM",0.656558216984757,0.532183954783882,0.577760114022585,0.591857403281345,0.796235287287926,0.668120818498376,1,0.721944115773187,0.796,175,29,111,465,140,0.179487179487179,0.714285714285714,0.611888111888112,0.941295546558704,0.775,0.684848484848485,0.220863515830567,35.6797971842745,0.186319474997078
47,"CSDA","None",NA,NA,NA,NA,NA,NA,NA,NA,0.382,130,1,156,493,157,0.201282051282051,0.623501199040767,0.454545454545455,0.997975708502024,0.619718309859155,0.625454545454545,0.281662342165367,56.241317532169,0.268925378773512
47,"0","rho0_1",0.740041593345065,0.544991727122311,0.530685920577617,0.64305150150893,0.740041593345065,0.544991727122311,0.530685920577617,0.64305150150893,0.776,200,38,86,456,124,0.158974358974359,0.763358778625954,0.699300699300699,0.923076923076923,0.804878048780488,0.744444444444444,0.241783704451057,39.8103917470469,0.190358710454691
47,"0.5","rho0_1",0.906334059177661,0.729981378026071,1,0.906334059177661,0.906334059177661,0.729981378026071,1,0.906334059177661,0.773,205,33,81,461,114,0.146153846153846,0.782442748091603,0.716783216783217,0.933198380566802,0.833333333333333,0.758426966292135,0.242192837439281,38.3669318366416,0.183456613914578
47,"0.5","rho0_shift",0.828188226080146,0.558960486052597,0.654525558855714,0.870082487309645,0.634871346762994,0.470707026839225,0.561110689629011,0.608725393326746,0.779,195,31,91,463,122,0.156410256410256,0.76171875,0.681818181818182,0.937246963562753,0.804878048780488,0.741379310344828,0.242703253785295,39.2286649136107,0.187577105828606
47,"0.5","rho0_SM",0.828188226080146,0.662550862915673,0.662550862915673,0.906334059177661,0.585956737787346,0.641575870316237,0.641575870316237,0.513228741854491,0.774,204,38,82,456,120,0.153846153846154,0.772727272727273,0.713286713286713,0.923076923076923,0.819277108433735,0.751381215469613,0.240887841706262,37.4187224469017,0.178922623949878
47,"0.75","rho0_1",0.938982414418925,0.729981378026071,1,0.857975236707939,0.938982414418925,0.729981378026071,1,0.857975236707939,0.778,202,36,84,458,120,0.153846153846154,0.770992366412214,0.706293706293706,0.927125506072874,0.819277108433735,0.748603351955307,0.241358027955102,37.3934924146177,0.178801983177468
47,"0.75","rho0_shift",0.684486040609137,0.409743526813106,0.48321554770318,0.813686083289404,0.632439005852398,0.454967726367859,0.530274376393276,0.68073550479369,0.773,200,34,86,460,120,0.153846153846154,0.769230769230769,0.699300699300699,0.931174089068826,0.797546012269939,0.756302521008403,0.240398585541014,38.2037677543628,0.18267642304149
47,"0.75","rho0_SM",0.798539844341897,0.729981378026071,0.772790323475559,0.687103028682222,0.633085536259601,0.661389621811785,0.814634021015852,0.677268897448243,0.782,208,31,78,463,109,0.13974358974359,0.792380952380952,0.727272727272727,0.937246963562753,0.86046511627907,0.759206798866855,0.241170153482798,37.1663027669178,0.177715645503636
47,"0.9","rho0_1",0.899620359050254,0.729981378026071,1,0.879095418352695,0.899620359050254,0.729981378026071,1,0.879095418352695,0.775,204,31,82,463,113,0.144871794871795,0.783109404990403,0.713286713286713,0.937246963562753,0.826347305389222,0.76271186440678,0.241570288674615,37.7340400723114,0.180430357331102
47,"0.9","rho0_shift",0.74635152284264,0.60010133178923,0.689378456359702,0.734004546930822,0.786577487269134,0.733973115054864,0.864702736300429,0.775827248718347,0.782,198,32,88,462,120,0.153846153846154,0.767441860465116,0.692307692307692,0.935222672064777,0.819277108433735,0.742857142857143,0.240953878798515,37.6317568071959,0.179941276224536
47,"0.9","rho0_SM",0.695109780439122,0.745048665924168,0.692949203942381,0.620121060321436,0.742863564846033,0.853085545992101,0.869292436388986,0.678518103770063,0.782,209,30,77,464,107,0.137179487179487,0.796190476190476,0.730769230769231,0.939271255060729,0.840236686390533,0.775280898876405,0.241670823656776,36.1472918862329,0.172843108744415
48,"CSDA","None",NA,NA,NA,NA,NA,NA,NA,NA,0.323,131,1,155,493,156,0.2,0.626794258373206,0.458041958041958,0.997975708502024,0.579710144927536,0.65,0.301070725832538,64.0145664354261,0.292579408569015
48,"0","rho0_1",0.762685856394518,0.609378556794901,0.530685920577617,0.906637141660183,0.762685856394518,0.609378556794901,0.530685920577617,0.906637141660183,0.772,199,28,87,466,115,0.147435897435897,0.775828460038986,0.695804195804196,0.94331983805668,0.790123456790123,0.769230769230769,0.22925213669303,37.2351897862447,0.170183919258501
48,"0.5","rho0_1",0.970172540381791,0.729981378026071,0.970172540381791,0.926103707446473,0.970172540381791,0.729981378026071,0.970172540381791,0.926103707446473,0.762,201,45,85,449,130,0.166666666666667,0.755639097744361,0.702797202797203,0.908906882591093,0.797546012269939,0.737127371273713,0.230003402931741,37.0603005678595,0.169384585810982
48,"0.5","rho0_shift",0.932572614107884,0.729981378026071,0.757055414116245,0.75356661424399,0.635574444997061,0.514078110808356,0.657338438942509,0.64020675901179,0.755,200,31,86,463,117,0.15,0.773694390715667,0.699300699300699,0.937246963562753,0.797546012269939,0.76271186440678,0.227002774070389,37.1839022146028,0.169949508745183
48,"0.5","rho0_SM",0.97624413717488,0.745048665924168,0.845229906344251,0.938982414418925,0.549691169105782,0.853085545992101,0.764359170386446,0.53926954937516,0.77,206,29,80,465,109,0.13974358974359,0.790786948176583,0.72027972027972,0.941295546558704,0.826347305389222,0.774011299435028,0.228943771081413,36.5328606048007,0.166973914599093
48,"0.75","rho0_1",0.957865168539326,0.729981378026071,1,0.872122762148338,0.957865168539326,0.729981378026071,1,0.872122762148338,0.766,206,35,80,459,115,0.147435897435897,0.781783681214421,0.72027972027972,0.92914979757085,0.790123456790123,0.778082191780822,0.227797143877617,34.4268839043329,0.157348520695902
48,"0.75","rho0_shift",0.719002177532983,0.644644766255224,0.472072972635262,0.655345877746356,0.784725310109017,0.630607484934232,0.493371793298147,0.671462230002764,0.778,202,34,84,460,118,0.151282051282051,0.773946360153257,0.706293706293706,0.931174089068826,0.797546012269939,0.763231197771588,0.228277089908586,35.7457535175159,0.163376431418284
48,"0.75","rho0_SM",0.843551514341111,0.745048665924168,0.845229906344251,0.865083025830258,0.677268897448243,0.853085545992101,0.764359170386446,0.617402678478529,0.754,217,27,69,467,96,0.123076923076923,0.818867924528302,0.758741258741259,0.945344129554656,0.853801169590643,0.802228412256267,0.228926821742238,35.2012519973091,0.16088778013752
48,"0.9","rho0_1",0.912985274431058,0.704600540691713,1,0.886001948684638,0.912985274431058,0.704600540691713,1,0.886001948684638,0.774,206,40,80,454,120,0.153846153846154,0.774436090225564,0.72027972027972,0.919028340080972,0.819277108433735,0.754098360655738,0.230301261082152,36.115758044291,0.165067541920781
48,"0.9","rho0_shift",0.748679743493021,0.644644766255224,0.633088070096608,0.672344491302056,0.811909390966225,0.630607484934232,0.841267687799319,0.815808945073283,0.766,207,35,79,459,114,0.146153846153846,0.784090909090909,0.723776223776224,0.92914979757085,0.840236686390533,0.757660167130919,0.228841971179475,35.8854333625162,0.164014839966758
48,"0.9","rho0_SM",0.813842482100239,0.745048665924168,0.772790323475559,0.775,0.648057509941878,0.853085545992101,0.814634021015852,0.61015228426396,0.761,215,39,71,455,110,0.141025641025641,0.796296296296296,0.751748251748252,0.921052631578947,0.840236686390533,0.776280323450135,0.229853875129318,35.8800998050286,0.163990462872884
49,"CSDA","None",NA,NA,NA,NA,NA,NA,NA,NA,0.487,116,0,170,494,170,0.217948717948718,0.577114427860697,0.405594405594406,1,0.548148148148148,0.591760299625468,0.274125391724428,53.4314925242995,0.267746210289587
49,"0","rho0_1",0.845229906344251,0.729981378026071,0.845229906344251,0.827756959314775,0.845229906344251,0.729981378026071,0.845229906344251,0.827756959314775,0.771,178,25,108,469,133,0.170512820512821,0.7280163599182,0.622377622377622,0.949392712550607,0.775,0.70516717325228,0.226842247147033,37.1996510738332,0.186408148613557
49,"0.5","rho0_1",0.906334059177661,0.745048665924168,1,0.906334059177661,0.906334059177661,0.745048665924168,1,0.906334059177661,0.786,195,31,91,463,122,0.156410256410256,0.76171875,0.681818181818182,0.937246963562753,0.804878048780488,0.741379310344828,0.229237401564702,36.6311087958177,0.183559172604533
49,"0.5","rho0_shift",0.736191988706547,0.729981378026071,0.532183954783882,0.454575021682567,0.629865714771375,0.514078110808356,0.426860479065862,0.477706329383005,0.787,181,21,105,473,126,0.161538461538462,0.741803278688525,0.632867132867133,0.95748987854251,0.775,0.725609756097561,0.22755134103957,37.1607259795383,0.18621309423663
49,"0.5","rho0_SM",0.806229440789474,0.745048665924168,0.731794538361508,0.552726647170136,0.700502234714095,0.853085545992101,0.890093115554877,0.943312455403155,0.788,179,34,107,460,141,0.180769230769231,0.717434869739479,0.625874125874126,0.931174089068826,0.751592356687898,0.701754385964912,0.23125444263132,36.6800638687093,0.18380448739216
49,"0.75","rho0_1",0.97624413717488,0.729981378026071,1,0.892843289371606,0.97624413717488,0.729981378026071,1,0.892843289371606,0.777,184,33,102,461,135,0.173076923076923,0.731610337972167,0.643356643356643,0.933198380566802,0.804878048780488,0.696165191740413,0.228373796675462,36.6134916356529,0.183470892684821
49,"0.75","rho0_shift",0.80294321985726,0.655189351146913,0.640864525215319,0.484300620281771,0.757976630138645,0.734135431865477,0.841455098615191,0.47428263315829,0.79,178,29,108,465,137,0.175641025641026,0.72210953346856,0.622377622377622,0.941295546558704,0.759493670886076,0.704477611940298,0.228503460362102,37.4058906620008,0.187441619054579
49,"0.75","rho0_SM",0.679782732268048,0.745048665924168,0.577760114022585,0.556622244678835,0.815393883756957,0.853085545992101,1,0.815393883756957,0.789,191,31,95,463,126,0.161538461538462,0.751968503937008,0.667832167832168,0.937246963562753,0.812121212121212,0.723032069970845,0.230488201838226,37.2795964955187,0.186808756619717
49,"0.9","rho0_1",1,0.745048665924168,1,0.828843427182499,1,0.745048665924168,1,0.828843427182499,0.768,198,37,88,457,125,0.16025641025641,0.760076775431862,0.692307692307692,0.925101214574899,0.840236686390533,0.721590909090909,0.229556217663714,38.0729670117378,0.190784351143425
49,"0.9","rho0_shift",0.609487452281119,0.565754698512138,0.639326864766525,0.64803597650514,0.888795509799802,0.804760599306292,0.931793339648765,0.91976369968699,0.803,176,30,110,464,140,0.179487179487179,0.715447154471545,0.615384615384615,0.939271255060729,0.782608695652174,0.682779456193353,0.230595991228022,36.5614498610569,0.183210110377111
49,"0.9","rho0_SM",0.672112944162436,0.745048665924168,0.577760114022585,0.588837209302326,0.80905752753978,0.853085545992101,1,0.840254237288136,0.794,188,45,98,449,143,0.183333333333333,0.724470134874759,0.657342657342657,0.908906882591093,0.790123456790123,0.694677871148459,0.230473324197506,37.3970822118273,0.187397479745699
50,"CSDA","None",NA,NA,NA,NA,NA,NA,NA,NA,0.36,111,0,175,494,175,0.224358974358974,0.55919395465995,0.388111888111888,1,0.609929078014184,0.53125,0.28748690928823,61.0537092661295,0.303455087127356
50,"0","rho0_1",0.544991727122311,0.544991727122311,0.544991727122311,0.635190122070998,0.544991727122311,0.544991727122311,0.544991727122311,0.635190122070998,0.774,182,17,104,477,121,0.155128205128205,0.750515463917526,0.636363636363636,0.965587044534413,0.826347305389222,0.710691823899371,0.19526708960194,37.4521066634044,0.186148105123423
50,"0.5","rho0_1",0.906334059177661,0.729981378026071,1,0.879095418352695,0.906334059177661,0.729981378026071,1,0.879095418352695,0.751,184,14,102,480,116,0.148717948717949,0.760330578512397,0.643356643356643,0.97165991902834,0.840236686390533,0.717460317460317,0.186767845641896,33.2918910107885,0.165470596442825
50,"0.5","rho0_shift",0.912985274431058,0.497935994552728,0.497935994552728,0.601216402847126,0.553448749656499,0.462535105394485,0.462535105394485,0.528009166870518,0.775,183,15,103,479,118,0.151282051282051,0.756198347107438,0.63986013986014,0.969635627530364,0.833333333333333,0.715189873417722,0.188973073302423,33.4503881656301,0.166258374425686
50,"0.5","rho0_SM",0.926103707446473,0.729981378026071,0.467148884870404,0.790772532188841,0.625193642779276,0.661389621811785,0.65650406504065,0.685907661808664,0.758,193,11,93,483,104,0.133333333333333,0.787755102040816,0.674825174825175,0.977732793522267,0.847058823529412,0.75625,0.184810866300861,32.8247783130165,0.163148907456119
50,"0.75","rho0_1",0.843551514341111,0.729981378026071,1,0.872122762148338,0.843551514341111,0.729981378026071,1,0.872122762148338,0.765,194,18,92,476,110,0.141025641025641,0.779116465863454,0.678321678321678,0.963562753036437,0.86046511627907,0.736196319018405,0.187050998941092,33.2992131931348,0.165506989866068
50,"0.75","rho0_shift",0.80294321985726,0.677647340680402,0.653400309119011,0.686628259551243,0.757976630138645,0.562591272854723,0.580409082379433,0.624863368068207,0.739,188,14,98,480,112,0.143589743589744,0.770491803278688,0.657342657342657,0.97165991902834,0.867052023121387,0.717460317460317,0.187166771279427,33.5118799750653,0.166564007000907
50,"0.75","rho0_SM",0.843551514341111,0.729981378026071,0.772790323475559,0.775,0.677268897448243,0.661389621811785,0.814634021015852,0.61015228426396,0.765,204,13,82,481,95,0.121794871794872,0.811133200795229,0.713286713286713,0.973684210526316,0.867052023121387,0.781818181818182,0.18559729473195,30.9858835580086,0.154009053796015
50,"0.9","rho0_1",0.912985274431058,0.704600540691713,1,0.857975236707939,0.912985274431058,0.704600540691713,1,0.857975236707939,0.758,193,16,93,478,109,0.13974358974359,0.77979797979798,0.674825174825175,0.967611336032389,0.847058823529412,0.744615384615385,0.187116272709725,31.9737843162675,0.158919214280514
50,"0.9","rho0_shift",0.694024593313693,0.677647340680402,0.694024593313693,0.605777138157895,0.856483540072678,0.562591272854723,0.856483540072678,0.758068465644743,0.768,186,20,100,474,120,0.153846153846154,0.75609756097561,0.65034965034965,0.959514170040486,0.840236686390533,0.712074303405573,0.186610677925558,32.7664420067727,0.162858958669933
50,"0.9","rho0_SM",0.806229440789474,0.745048665924168,0.657222023596711,0.717165856842411,0.700502234714095,0.853085545992101,0.893499365092369,0.617080865310327,0.776,198,22,88,472,110,0.141025641025641,0.782608695652174,0.692307692307692,0.955465587044534,0.847058823529412,0.75,0.186668854363667,31.9020826215468,0.158562835539891
