"nsimul","eta","rho_type","ARI_true_bind","ARI_true_vi","ARI_true_p05","ARI_true_argmax","ARI_exp_bind","ARI_exp_vi","ARI_exp_p05","ARI_exp_argmax","threshold","TP","FP","FN","TN","SHD","STD_SHD","F1","Sensitivity","Specificity","F1_within","F1_between","Wasserstein","Frobenius","Relative_Frobenius"
1,"CSDA","None",NA,NA,NA,NA,NA,NA,NA,NA,0.482,46,1,240,493,241,0.308974358974359,0.276276276276276,0.160839160839161,0.997975708502024,0.265486725663717,0.281818181818182,0.570794331834366,92.4585177143363,0.505895721373185
1,"0","rho0_1",0.474050550311045,0.153846153846154,-0.00030637254901959,0.160790464240903,0.474050550311045,0.153846153846154,-0.00030637254901959,0.160790464240903,0.785,76,4,210,490,214,0.274358974358974,0.415300546448087,0.265734265734266,0.991902834008097,0.48062015503876,0.379746835443038,0.34264596686636,68.3818386425916,0.37415784336714
1,"0.5","rho0_1",0.863092563468883,0.532183954783882,0.532183954783882,0.832272492688801,0.863092563468883,0.532183954783882,0.532183954783882,0.832272492688801,0.817,126,16,160,478,176,0.225641025641026,0.588785046728972,0.440559440559441,0.967611336032389,0.657534246575342,0.553191489361702,0.322000845648433,61.3383570432327,0.335618752618404
1,"0.5","rho0_shift",0.446795210847718,0.392353481682714,0.215631929046563,0.35389367278173,0.556568829707427,0.543774452942217,0.253525020735416,0.358617822331039,0.817,114,24,172,470,196,0.251282051282051,0.537735849056604,0.398601398601399,0.951417004048583,0.648275862068965,0.480286738351254,0.348224970862935,70.4687554555706,0.385576610535891
1,"0.5","rho0_SM",0.560158748286889,0.532183954783882,0.532183954783882,0.509463344513656,0.948649751807134,0.668120818498376,0.668120818498376,0.73533902618334,0.819,130,12,156,482,168,0.215384615384615,0.607476635514019,0.454545454545455,0.975708502024291,0.666666666666667,0.576512455516014,0.322113485119413,58.9777259347973,0.322702331211048
1,"0.75","rho0_1",0.850798403193613,0.532183954783882,0.815878925218517,0.899620359050254,0.850798403193613,0.532183954783882,0.815878925218517,0.899620359050254,0.819,118,9,168,485,177,0.226923076923077,0.571428571428571,0.412587412587413,0.981781376518219,0.648275862068965,0.529850746268657,0.320648675666189,61.6858639393285,0.337520170207919
1,"0.75","rho0_shift",0.570891364902507,0.356312132959736,0.271285728714271,0.476571697668943,0.821474251093908,0.509215805010976,0.404446002102839,0.60108033559361,0.826,112,12,174,482,186,0.238461538461538,0.546341463414634,0.391608391608392,0.975708502024291,0.619718309859155,0.507462686567164,0.326035652353472,62.8728603476447,0.344014935850905
1,"0.75","rho0_SM",0.504482640475103,0.532183954783882,0.577760114022585,0.496817478066403,0.948649751807134,0.668120818498376,1,0.943312455403155,0.82,138,28,148,466,176,0.225641025641026,0.610619469026549,0.482517482517482,0.94331983805668,0.684563758389262,0.574257425742574,0.32295045805073,58.1063872465305,0.317934717310692
1,"0.9","rho0_1",0.857975236707939,0.729981378026071,1,0.857975236707939,0.857975236707939,0.729981378026071,1,0.857975236707939,0.822,125,10,161,484,171,0.219230769230769,0.593824228028504,0.437062937062937,0.979757085020243,0.657534246575342,0.56,0.318306495241502,57.2475727971749,0.313235630994764
1,"0.9","rho0_shift",0.560516537735274,0.423152216470179,0.39941079319734,0.425315585244855,0.754580577181994,0.555126756359139,0.603771111450982,0.528906642428301,0.82,123,13,163,481,176,0.225641025641026,0.582938388625592,0.43006993006993,0.973684210526316,0.619718309859155,0.564285714285714,0.320512008456004,60.2126239995028,0.329459195399555
1,"0.9","rho0_SM",0.534514715794204,0.532183954783882,0.563577586206897,0.481293008731857,0.969623408149754,0.668120818498376,0.990014977533699,0.932522359454855,0.82,129,20,157,474,177,0.226923076923077,0.593103448275862,0.451048951048951,0.959514170040486,0.648275862068965,0.56551724137931,0.319348995807221,57.3823257336098,0.313972944718477
2,"CSDA","None",NA,NA,NA,NA,NA,NA,NA,NA,0.357,28,0,258,494,258,0.330769230769231,0.178343949044586,0.0979020979020979,1,0.185185185185185,0.174757281553398,0.657332183528346,106.097441698418,0.5427088574115
2,"0","rho0_1",0.532183954783882,0.410392197986577,0.410392197986577,0.411732635481409,0.532183954783882,0.410392197986577,0.410392197986577,0.411732635481409,0.847,95,9,191,485,200,0.256410256410256,0.487179487179487,0.332167832167832,0.981781376518219,0.619718309859155,0.411290322580645,0.346972279741174,59.2617511014512,0.303135275588393
2,"0.5","rho0_1",0.68972950777601,0.544991727122311,0.544991727122311,0.611645881739295,0.68972950777601,0.544991727122311,0.544991727122311,0.611645881739295,0.827,115,10,171,484,181,0.232051282051282,0.559610705596107,0.402097902097902,0.979757085020243,0.609929078014184,0.533333333333333,0.335838328574837,54.6613993941916,0.279603590198328
2,"0.5","rho0_shift",0.388178840031375,0.40121574197861,0.225835578742189,0.429281241491968,0.547165982774947,0.543911121141556,0.264208788617247,0.472054858360241,0.825,107,13,179,481,192,0.246153846153846,0.527093596059113,0.374125874125874,0.973684210526316,0.609929078014184,0.483018867924528,0.338120909847436,55.7556575192632,0.2852009313525
2,"0.5","rho0_SM",0.618977516059957,0.609378556794901,0.532183954783882,0.556152618734748,0.504515164725665,0.633109861591695,0.668120818498376,0.644828467031686,0.828,118,18,168,476,186,0.238461538461538,0.559241706161137,0.412587412587413,0.963562753036437,0.666666666666667,0.501818181818182,0.333552404982488,54.9729408231747,0.281197184636169
2,"0.75","rho0_1",0.926103707446473,0.729981378026071,1,0.865083025830258,0.926103707446473,0.729981378026071,1,0.865083025830258,0.833,113,10,173,484,183,0.234615384615385,0.552567237163814,0.395104895104895,0.979757085020243,0.629370629370629,0.511278195488722,0.331894090818085,54.1404395930836,0.276938780435805
2,"0.75","rho0_shift",0.534262155245948,0.189103467719199,0.189103467719199,0.448427212874908,0.791243480647818,0.232040507753437,0.232040507753437,0.63399857448325,0.805,105,18,181,476,199,0.255128205128205,0.513447432762836,0.367132867132867,0.963562753036437,0.589928057553957,0.474074074074074,0.360056315320069,63.4130766055648,0.324370105429858
2,"0.75","rho0_SM",0.695109780439122,0.349578104716573,0.465573217523296,0.556460900610388,0.742863564846033,0.554829702605168,0.70449769659743,0.937936796318644,0.847,126,14,160,480,174,0.223076923076923,0.591549295774648,0.440559440559441,0.97165991902834,0.684563758389262,0.541516245487365,0.332985547385368,53.8906194798975,0.275660902420885
2,"0.9","rho0_1",0.886001948684638,0.611174748631793,1,0.581282570932252,0.886001948684638,0.611174748631793,1,0.581282570932252,0.832,101,5,185,489,190,0.243589743589744,0.51530612244898,0.353146853146853,0.989878542510121,0.609929078014184,0.462151394422311,0.331037516186513,54.4972268101891,0.278763815797965
2,"0.9","rho0_shift",0.536008883248731,0.335739030023095,0.536760674910154,0.585933981082298,0.869575131108915,0.474597979222997,0.925803430310835,0.849852162128865,0.831,108,11,178,483,189,0.242307692307692,0.533333333333333,0.377622377622378,0.977732793522267,0.619718309859155,0.486692015209125,0.334950561968974,55.6412788098723,0.284615862215186
2,"0.9","rho0_SM",0.806229440789474,0.55329251530676,0.577760114022585,0.465504169825625,0.700502234714095,0.692109365631371,1,0.921575461833391,0.821,134,21,152,473,173,0.221794871794872,0.607709750566893,0.468531468531469,0.95748987854251,0.693333333333333,0.563573883161512,0.332221111991687,54.2569532747691,0.277534770367778
3,"CSDA","None",NA,NA,NA,NA,NA,NA,NA,NA,0.437,61,0,225,494,225,0.288461538461538,0.351585014409222,0.213286713286713,1,0.444444444444444,0.298642533936652,0.519657127852542,88.5337846316606,0.464551764659837
3,"0","rho0_1",0.423750188224665,0.410392197986577,0.244576446280992,0.425772507754525,0.423750188224665,0.410392197986577,0.244576446280992,0.425772507754525,0.814,141,28,145,466,173,0.221794871794872,0.61978021978022,0.493006993006993,0.94331983805668,0.710526315789474,0.574257425742574,0.400576901910075,56.2562294173928,0.295185964970176
3,"0.5","rho0_1",0.945333914776975,0.729981378026071,0.845229906344251,0.982261976955731,0.945333914776975,0.729981378026071,0.845229906344251,0.982261976955731,0.816,144,33,142,461,175,0.224358974358974,0.622030237580994,0.503496503496504,0.933198380566802,0.727272727272727,0.56957928802589,0.399133082276246,52.7755440740744,0.276922219382077
3,"0.5","rho0_shift",0.445476936856247,0.389569223499764,0.0319901655343268,0.450559474580394,0.555531203769656,0.447940198369223,0.0473710869266782,0.416813709363878,0.823,141,32,145,462,177,0.226923076923077,0.61437908496732,0.493006993006993,0.935222672064777,0.743589743589744,0.547854785478548,0.399813496811279,53.7233077718977,0.281895296045818
3,"0.5","rho0_SM",0.647539656846876,0.532183954783882,0.532183954783882,0.457754938601175,0.902185771791881,0.668120818498376,0.668120818498376,0.677675704885724,0.829,141,25,145,469,170,0.217948717948718,0.623893805309734,0.493006993006993,0.949392712550607,0.743589743589744,0.560810810810811,0.396683578931548,52.5184546654581,0.275573227706809
3,"0.75","rho0_1",0.906334059177661,0.745048665924168,1,0.899620359050254,0.906334059177661,0.745048665924168,1,0.899620359050254,0.829,143,29,143,465,172,0.220512820512821,0.624454148471616,0.5,0.941295546558704,0.751592356687898,0.558139534883721,0.396926367313176,52.0774555841741,0.273259230826679
3,"0.75","rho0_shift",0.534003224691927,0.35340178179058,0.261702615878843,0.422834902582269,0.837524822596548,0.482433202917642,0.333880976974567,0.618251971909537,0.809,137,19,149,475,168,0.215384615384615,0.619909502262443,0.479020979020979,0.961538461538462,0.718954248366013,0.567474048442907,0.395742517113109,51.9195216215875,0.272430524572624
3,"0.75","rho0_SM",0.657222023596711,0.55329251530676,0.577760114022585,0.556504017013232,0.893499365092369,0.692109365631371,1,0.904853553082772,0.823,148,29,138,465,167,0.214102564102564,0.639308855291577,0.517482517482518,0.941295546558704,0.775,0.567656765676568,0.398299721416427,51.6587955161208,0.271062450532964
3,"0.9","rho0_1",0.945333914776975,0.745048665924168,1,0.857975236707939,0.945333914776975,0.745048665924168,1,0.857975236707939,0.819,145,22,141,472,163,0.208974358974359,0.640176600441501,0.506993006993007,0.955465587044534,0.751592356687898,0.581081081081081,0.397480937076853,53.3730487725166,0.280057427745852
3,"0.9","rho0_shift",0.528372093023256,0.392353481682714,0.390054472721083,0.56022668131614,0.901339285714286,0.543774452942217,0.600973032792876,0.842320990408209,0.823,139,17,147,477,164,0.21025641025641,0.6289592760181,0.486013986013986,0.965587044534413,0.710526315789474,0.586206896551724,0.39660138690208,51.04300607388,0.267831299021233
3,"0.9","rho0_SM",0.806229440789474,0.532183954783882,0.577760114022585,0.533737680060652,0.700502234714095,0.668120818498376,1,0.921575461833391,0.841,151,41,135,453,176,0.225641025641026,0.631799163179916,0.527972027972028,0.917004048582996,0.727272727272727,0.58641975308642,0.399215182357965,52.1459319044154,0.273618537678157
4,"CSDA","None",NA,NA,NA,NA,NA,NA,NA,NA,0.55,34,3,252,491,255,0.326923076923077,0.210526315789474,0.118881118881119,0.993927125506073,0.185185185185185,0.223255813953488,0.598835402132279,110.543813710469,0.535987625410425
4,"0","rho0_1",0.591993929918146,0.463337182448037,0.272089823164305,0.447420519389775,0.591993929918146,0.463337182448037,0.272089823164305,0.447420519389775,0.818,114,9,172,485,181,0.232051282051282,0.557457212713936,0.398601398601399,0.981781376518219,0.579710144927536,0.546125461254613,0.32572809659483,62.1040406187503,0.301120398711956
4,"0.5","rho0_1",0.800646551724138,0.478712871287129,0.353244664812892,0.695873389241154,0.800646551724138,0.478712871287129,0.353244664812892,0.695873389241154,0.811,114,24,172,470,196,0.251282051282051,0.537735849056604,0.398601398601399,0.951417004048583,0.6,0.507042253521127,0.323875178331578,60.3469554916705,0.2926009180346
4,"0.5","rho0_shift",0.566118836915297,0.417345462850183,0.15273903275977,0.485754650341417,0.534972341733251,0.421609393919483,0.177662903006394,0.547293414550052,0.806,113,16,173,478,189,0.242307692307692,0.544578313253012,0.395104895104895,0.967611336032389,0.548148148148148,0.542857142857143,0.327816123401133,61.561413477302,0.298489392749109
4,"0.5","rho0_SM",0.416675189200245,0.544991727122311,0.532183954783882,0.553190069407368,0.785244861558351,0.647406594746145,0.668120818498376,0.636352077306971,0.831,119,15,167,479,182,0.233333333333333,0.566666666666667,0.416083916083916,0.969635627530364,0.6,0.55,0.322987679313632,57.5356775020606,0.27897003120844
4,"0.75","rho0_1",0.970172540381791,0.729981378026071,1,0.938982414418925,0.970172540381791,0.729981378026071,1,0.938982414418925,0.827,123,11,163,483,174,0.223076923076923,0.585714285714286,0.43006993006993,0.977732793522267,0.619718309859155,0.568345323741007,0.321402810427201,57.4515525766042,0.278562139373341
4,"0.75","rho0_shift",0.460772317932655,0.423152216470179,0.382731475696614,0.460772317932655,0.609521198612584,0.555126756359139,0.517306984165951,0.609521198612584,0.806,116,13,170,481,183,0.234615384615385,0.559036144578313,0.405594405594406,0.973684210526316,0.589928057553957,0.543478260869565,0.324191450699772,58.9104408031622,0.285635769367147
4,"0.75","rho0_SM",0.493709850107066,0.532183954783882,0.465573217523296,0.401870083609558,0.795976832534097,0.668120818498376,0.70449769659743,0.795873266958221,0.826,119,23,167,471,190,0.243589743589744,0.55607476635514,0.416083916083916,0.953441295546559,0.6,0.534722222222222,0.326056837330503,57.9180755934263,0.28082414351082
4,"0.9","rho0_1",0.886001948684638,0.729981378026071,1,0.886001948684638,0.886001948684638,0.729981378026071,1,0.886001948684638,0.805,122,16,164,478,180,0.230769230769231,0.575471698113208,0.426573426573427,0.967611336032389,0.579710144927536,0.573426573426573,0.323433192025946,56.9839345315005,0.276294825833294
4,"0.9","rho0_shift",0.548469866700044,0.423152216470179,0.422834902582269,0.433589870903674,0.678092265209953,0.555126756359139,0.618251971909537,0.509937775629795,0.836,110,14,176,480,190,0.243589743589744,0.536585365853659,0.384615384615385,0.97165991902834,0.558823529411765,0.525547445255474,0.32367993862323,58.3493055724396,0.28291502426388
4,"0.9","rho0_SM",0.55652642288587,0.349578104716573,0.556400155357044,0.504482640475103,0.887759017651573,0.554829702605168,0.984970326028312,0.948649751807134,0.826,128,22,158,472,180,0.230769230769231,0.587155963302752,0.447552447552448,0.955465587044534,0.6,0.581081081081081,0.324935247430054,57.0662882349255,0.276694129642896
5,"CSDA","None",NA,NA,NA,NA,NA,NA,NA,NA,0.449,35,1,251,493,252,0.323076923076923,0.217391304347826,0.122377622377622,0.997975708502024,0.280701754385965,0.182692307692308,0.584674020127333,95.2718404012323,0.513311828753083
5,"0","rho0_1",0.388279445727483,0.372364854690559,0.202202147230841,0.372364854690559,0.388279445727483,0.372364854690559,0.202202147230841,0.372364854690559,0.823,117,10,169,484,179,0.229487179487179,0.566585956416465,0.409090909090909,0.979757085020243,0.684563758389262,0.5,0.381337761646276,56.1244762597582,0.302391109748446
5,"0.5","rho0_1",0.858449477351916,0.532183954783882,0.617015578270767,0.629364557912521,0.858449477351916,0.532183954783882,0.617015578270767,0.629364557912521,0.819,120,12,166,482,178,0.228205128205128,0.574162679425837,0.41958041958042,0.975708502024291,0.693333333333333,0.507462686567164,0.364004738439888,51.3854250618121,0.276857740951041
5,"0.5","rho0_shift",0.604699634536318,0.30005572674228,0.0450182546225415,0.453614114968697,0.763561458864379,0.295817032801685,0.054854073623455,0.44366982710541,0.824,113,11,173,483,184,0.235897435897436,0.551219512195122,0.395104895104895,0.977732793522267,0.657534246575342,0.492424242424242,0.363128375920165,51.5000561845893,0.277475357982652
5,"0.5","rho0_SM",0.830037268574176,0.450512008251068,0.450512008251068,0.781446138081209,0.624468685090169,0.574117668119691,0.574117668119691,0.660392145479877,0.827,123,17,163,477,180,0.230769230769231,0.577464788732394,0.43006993006993,0.965587044534413,0.693333333333333,0.514492753623188,0.363272864301328,51.137733018536,0.275523209622936
5,"0.75","rho0_1",0.926103707446473,0.729981378026071,1,0.938982414418925,0.926103707446473,0.729981378026071,1,0.938982414418925,0.831,115,14,171,480,185,0.237179487179487,0.55421686746988,0.402097902097902,0.97165991902834,0.701986754966887,0.46969696969697,0.357242174624893,49.6813072695813,0.267676184085374
5,"0.75","rho0_shift",0.575613199223575,0.392353481682714,0.392353481682714,0.609176100969612,0.773499915009349,0.543774452942217,0.543774452942217,0.677795845572807,0.808,114,8,172,486,180,0.230769230769231,0.558823529411765,0.398601398601399,0.983805668016194,0.727272727272727,0.456692913385827,0.361735061039094,51.239506403484,0.276071550896979
5,"0.75","rho0_SM",0.534514715794204,0.532183954783882,0.658306308191233,0.514612861661005,0.969623408149754,0.668120818498376,0.942864816691287,0.916042140387229,0.816,125,12,161,482,173,0.221794871794872,0.591016548463357,0.437062937062937,0.975708502024291,0.718954248366013,0.518518518518518,0.358600791876172,49.0611428405533,0.264334821770431
5,"0.9","rho0_1",0.926103707446473,0.729981378026071,1,0.836233539371137,0.926103707446473,0.729981378026071,1,0.836233539371137,0.827,124,7,162,487,169,0.216666666666667,0.594724220623501,0.433566433566434,0.98582995951417,0.718954248366013,0.522727272727273,0.360219523145039,49.6877946588304,0.267711137263829
5,"0.9","rho0_shift",0.513473053892216,0.475106780565937,0.59014741448808,0.514066496163683,0.80176316416488,0.702682392916653,1,0.822738386308069,0.804,113,11,173,483,184,0.235897435897436,0.551219512195122,0.395104895104895,0.977732793522267,0.675675675675676,0.480916030534351,0.359681722473814,50.4258668166432,0.271687770521705
5,"0.9","rho0_SM",0.621690969397334,0.55329251530676,0.577760114022585,0.494547729710404,0.827919952176265,0.692109365631371,1,0.893499365092369,0.844,135,8,151,486,159,0.203846153846154,0.629370629370629,0.472027972027972,0.983805668016194,0.767295597484277,0.548148148148148,0.356756856861765,49.1077896985151,0.264586148750839
6,"CSDA","None",NA,NA,NA,NA,NA,NA,NA,NA,0.254,48,3,238,491,241,0.308974358974359,0.28486646884273,0.167832167832168,0.993927125506073,0.25,0.302222222222222,0.584469968627365,100.637911920168,0.504933812226805
6,"0","rho0_1",0.539428887564899,0.410392197986577,0.244576446280992,0.539428887564899,0.539428887564899,0.410392197986577,0.244576446280992,0.539428887564899,0.823,141,41,145,453,186,0.238461538461538,0.602564102564103,0.493006993006993,0.917004048582996,0.693333333333333,0.559748427672956,0.371444241800862,62.0671679162204,0.311411585476047
6,"0.5","rho0_1",0.970172540381791,0.532183954783882,0.825021753317381,0.926103707446473,0.970172540381791,0.532183954783882,0.825021753317381,0.926103707446473,0.829,123,16,163,478,179,0.229487179487179,0.578823529411765,0.43006993006993,0.967611336032389,0.638888888888889,0.548042704626335,0.370763030987894,58.6167787675193,0.294099837713418
6,"0.5","rho0_shift",0.469044324420837,0.387656059683313,0.0261190015063482,0.481644438333563,0.544123751884463,0.458216394304326,0.0464936229167515,0.515088379595403,0.85,143,41,143,453,184,0.235897435897436,0.608510638297872,0.5,0.917004048582996,0.684563758389262,0.573208722741433,0.372068655463126,60.8903783830834,0.305507241737011
6,"0.5","rho0_SM",0.699912891986063,0.532183954783882,0.532183954783882,0.657222023596711,0.802043678621519,0.668120818498376,0.668120818498376,0.893499365092369,0.837,119,15,167,479,182,0.233333333333333,0.566666666666667,0.416083916083916,0.969635627530364,0.629370629370629,0.534296028880866,0.370051305291421,58.3276524931047,0.292649195215281
6,"0.75","rho0_1",0.906334059177661,0.729981378026071,0.825021753317381,0.926103707446473,0.906334059177661,0.729981378026071,0.825021753317381,0.926103707446473,0.83,122,20,164,474,184,0.235897435897436,0.570093457943925,0.426573426573427,0.959514170040486,0.629370629370629,0.540350877192982,0.372398838763457,58.3278033510126,0.292649952119484
6,"0.75","rho0_shift",0.563472563472563,0.447420519389775,0.473789187159752,0.538499642247785,0.572334522393975,0.429301044416389,0.642583024984821,0.693706405409723,0.83,122,18,164,476,182,0.233333333333333,0.572769953051643,0.426573426573427,0.963562753036437,0.638888888888889,0.539007092198582,0.369260157088864,58.6956247229308,0.294495434045704
6,"0.75","rho0_SM",0.679782732268048,0.532183954783882,0.577760114022585,0.60588643971452,0.815393883756957,0.668120818498376,1,0.815393883756957,0.85,151,67,135,427,202,0.258974358974359,0.599206349206349,0.527972027972028,0.864372469635628,0.666666666666667,0.571428571428571,0.377572143726934,62.9341118694349,0.315761331083158
6,"0.9","rho0_1",0.872122762148338,0.611174748631793,1,0.879095418352695,0.872122762148338,0.611174748631793,1,0.879095418352695,0.844,127,20,159,474,179,0.229487179487179,0.586605080831409,0.444055944055944,0.959514170040486,0.619718309859155,0.570446735395189,0.370468793611643,57.5753974422209,0.288874881903704
6,"0.9","rho0_shift",0.577357047236565,0.475106780565937,0.584272400560395,0.618202488473442,0.863057616561326,0.702682392916653,0.925803430310835,0.876036810558818,0.822,124,22,162,472,184,0.235897435897436,0.574074074074074,0.433566433566434,0.955465587044534,0.609929078014184,0.556701030927835,0.371223057813888,58.5555461511046,0.293792613349866
6,"0.9","rho0_SM",0.806229440789474,0.40200302783277,0.577760114022585,0.520153251931224,0.700502234714095,0.623071726156964,1,0.834110791305704,0.833,143,39,143,455,182,0.233333333333333,0.611111111111111,0.5,0.921052631578947,0.684563758389262,0.576802507836991,0.372735440276023,59.5095308052881,0.298579071048082
7,"CSDA","None",NA,NA,NA,NA,NA,NA,NA,NA,0.539,30,0,256,494,256,0.328205128205128,0.189873417721519,0.104895104895105,1,0.185185185185185,0.192307692307692,0.633193733777287,107.69359495432,0.550497370333812
7,"0","rho0_1",0.49948250879735,0.410392197986577,0.244576446280992,0.49948250879735,0.49948250879735,0.410392197986577,0.244576446280992,0.49948250879735,0.828,121,10,165,484,175,0.224358974358974,0.580335731414868,0.423076923076923,0.979757085020243,0.638888888888889,0.549450549450549,0.355683980470318,58.4892607109933,0.298979565384812
7,"0.5","rho0_1",0.799240718100508,0.611174748631793,0.611174748631793,0.530412115193645,0.799240718100508,0.611174748631793,0.611174748631793,0.530412115193645,0.805,133,13,153,481,166,0.212820512820513,0.615740740740741,0.465034965034965,0.973684210526316,0.629370629370629,0.608996539792388,0.353115797861276,52.0393434980069,0.266009522309123
7,"0.5","rho0_shift",0.693781407035176,0.487051386623165,0.458674594424319,0.568687791508391,0.570111743389779,0.468244022256755,0.440377735333185,0.47428263315829,0.814,124,6,162,488,168,0.215384615384615,0.596153846153846,0.433566433566434,0.987854251012146,0.675675675675676,0.552238805970149,0.350610092492777,50.2036472661367,0.256625993522616
7,"0.5","rho0_SM",0.799240718100508,0.609378556794901,0.530685920577617,0.799240718100508,0.619273808136146,0.633109861591695,0.623071726156964,0.619273808136146,0.807,137,10,149,484,159,0.203846153846154,0.632794457274827,0.479020979020979,0.979757085020243,0.701986754966887,0.595744680851064,0.349259279864198,52.6225912301301,0.26899090985518
7,"0.75","rho0_1",0.886001948684638,0.729981378026071,0.970172540381791,0.850798403193613,0.886001948684638,0.729981378026071,0.970172540381791,0.850798403193613,0.8,138,15,148,479,163,0.208974358974359,0.62870159453303,0.482517482517482,0.969635627530364,0.735483870967742,0.570422535211268,0.349650955780027,52.1546214635404,0.266598788708025
7,"0.75","rho0_shift",0.763013976098845,0.498976437165775,0.692050321199143,0.749050897625635,0.654622741764081,0.543911121141556,0.787562414888788,0.789793026980411,0.815,130,13,156,481,169,0.216666666666667,0.606060606060606,0.454545454545455,0.973684210526316,0.675675675675676,0.569395017793594,0.351416588977925,52.6937413415101,0.269354607893399
7,"0.75","rho0_SM",0.695109780439122,0.745048665924168,0.657222023596711,0.664070107108082,0.742863564846033,0.853085545992101,0.893499365092369,0.568113450795015,0.797,142,15,144,479,159,0.203846153846154,0.641083521444695,0.496503496503497,0.969635627530364,0.701986754966887,0.60958904109589,0.349747755781494,50.1250148105662,0.256224047984139
7,"0.9","rho0_1",0.899620359050254,0.729981378026071,1,0.836233539371137,0.899620359050254,0.729981378026071,1,0.836233539371137,0.815,139,7,147,487,154,0.197435897435897,0.643518518518518,0.486013986013986,0.98582995951417,0.710526315789474,0.607142857142857,0.349158884663453,51.5684360190285,0.263602384456977
7,"0.9","rho0_shift",0.70014040248713,0.430215218442689,0.738955823293173,0.691046425939573,0.73241639009446,0.559265243811771,0.80351744984886,0.577973645169736,0.825,132,13,154,481,167,0.214102564102564,0.612529002320186,0.461538461538462,0.973684210526316,0.648275862068965,0.594405594405594,0.35146829984679,54.0213618012697,0.276141005656507
7,"0.9","rho0_SM",0.806229440789474,0.745048665924168,0.577760114022585,0.673160011918951,0.700502234714095,0.853085545992101,1,0.576456650157142,0.81,153,23,133,471,156,0.2,0.662337662337662,0.534965034965035,0.953441295546559,0.751592356687898,0.616393442622951,0.352522330411951,51.2559178927364,0.262004885489853
8,"CSDA","None",NA,NA,NA,NA,NA,NA,NA,NA,0.364,61,1,225,493,226,0.28974358974359,0.350574712643678,0.213286713286713,0.997975708502024,0.380165289256198,0.334801762114537,0.598936314673018,89.8501762766097,0.466879963213334
8,"0","rho0_1",0.416823751178134,0.416823751178134,0.416823751178134,0.544991727122311,0.416823751178134,0.416823751178134,0.416823751178134,0.544991727122311,0.82,137,43,149,451,192,0.246153846153846,0.587982832618026,0.479020979020979,0.912955465587045,0.743589743589744,0.509677419354839,0.420328486628381,58.7748683356964,0.305406283032325
8,"0.5","rho0_1",0.769048559020924,0.609378556794901,0.68392357188467,0.781037659795002,0.769048559020924,0.609378556794901,0.68392357188467,0.781037659795002,0.831,132,28,154,466,182,0.233333333333333,0.591928251121076,0.461538461538462,0.94331983805668,0.759493670886076,0.5,0.422937362663554,56.4354864158215,0.293250374274497
8,"0.5","rho0_shift",0.616102474943751,0.463337182448037,0.266129032258065,0.512429677357311,0.544601930410802,0.35619752383663,0.249054441260745,0.529140097524381,0.829,127,21,159,473,180,0.230769230769231,0.585253456221198,0.444055944055944,0.95748987854251,0.743589743589744,0.496402877697842,0.423141729624414,55.8080305276672,0.289989984655699
8,"0.5","rho0_SM",0.665945854864076,0.463337182448037,0.410392197986577,0.40618610518989,0.84811704074877,0.484285514736695,0.527236407406459,0.655670274425078,0.815,140,26,146,468,172,0.220512820512821,0.619469026548673,0.48951048951049,0.947368421052632,0.767295597484277,0.539249146757679,0.422049522931753,54.7452397544562,0.284467505594861
8,"0.75","rho0_1",0.926103707446473,0.729981378026071,0.854423292273236,0.919574873096447,0.926103707446473,0.729981378026071,0.854423292273236,0.919574873096447,0.827,135,31,151,463,182,0.233333333333333,0.597345132743363,0.472027972027972,0.937246963562753,0.767295597484277,0.505119453924915,0.421457787127264,54.4752664513784,0.283064668883428
8,"0.75","rho0_shift",0.445476936856247,0.403759767468197,0.403759767468197,0.445476936856247,0.470056435263821,0.386232842269942,0.386232842269942,0.470056435263821,0.821,126,35,160,459,195,0.25,0.563758389261745,0.440559440559441,0.92914979757085,0.693333333333333,0.498316498316498,0.423419709298311,57.3643921005403,0.298077158927374
8,"0.75","rho0_SM",0.695109780439122,0.570389953734303,0.658306308191233,0.415737511665602,0.742863564846033,0.635360857232903,0.942864816691287,0.806167502716198,0.828,143,30,143,464,173,0.221794871794872,0.623093681917211,0.5,0.939271255060729,0.804878048780488,0.522033898305085,0.420637863170154,53.7160304547037,0.279119522764777
8,"0.9","rho0_1",0.886001948684638,0.729981378026071,1,0.806229440789474,0.886001948684638,0.729981378026071,1,0.806229440789474,0.818,141,35,145,459,180,0.230769230769231,0.61038961038961,0.493006993006993,0.92914979757085,0.759493670886076,0.532894736842105,0.421659906735534,53.7268215450826,0.279175595485922
8,"0.9","rho0_shift",0.622620558375634,0.429171439480718,0.366204986149585,0.542178542178542,0.762863874743483,0.533133470738867,0.484268125854993,0.634165675782798,0.841,131,28,155,466,183,0.234615384615385,0.58876404494382,0.458041958041958,0.94331983805668,0.759493670886076,0.494773519163763,0.421326188763048,54.3632248275529,0.28248247760259
8,"0.9","rho0_SM",0.679782732268048,0.532183954783882,0.577760114022585,0.519622833843017,0.815393883756957,0.668120818498376,1,0.959210887555399,0.832,159,33,127,461,160,0.205128205128205,0.665271966527197,0.555944055944056,0.933198380566802,0.790123456790123,0.60126582278481,0.422132900652144,53.9951212443331,0.280569735808258
9,"CSDA","None",NA,NA,NA,NA,NA,NA,NA,NA,0.449,46,0,240,494,240,0.307692307692308,0.27710843373494,0.160839160839161,1,0.25,0.290909090909091,0.536426297719346,105.956494516349,0.503241144255773
9,"0","rho0_1",0.393063583815029,0.0783937065495792,-0.00030637254901959,0.289021164021164,0.393063583815029,0.0783937065495792,-0.00030637254901959,0.289021164021164,0.816,92,8,194,486,202,0.258974358974359,0.476683937823834,0.321678321678322,0.983805668016194,0.548148148148148,0.438247011952191,0.339203577549621,61.3528094735891,0.291395616509673
9,"0.5","rho0_1",0.892843289371606,0.532183954783882,0.735706038853471,0.970172540381791,0.892843289371606,0.532183954783882,0.735706038853471,0.970172540381791,0.801,117,10,169,484,179,0.229487179487179,0.566585956416465,0.409090909090909,0.979757085020243,0.638888888888889,0.527881040892193,0.328909656973353,58.362333208412,0.277192327655819
9,"0.5","rho0_shift",0.630301717133416,0.397557518264093,-0.00030637254901959,0.530907685038017,0.739168065463701,0.422082120918202,-0.00511865984178689,0.519350285461478,0.803,116,13,170,481,183,0.234615384615385,0.559036144578313,0.405594405594406,0.973684210526316,0.609929078014184,0.532846715328467,0.336141613601183,59.4678004593021,0.282442752434542
9,"0.5","rho0_SM",0.577760114022585,0.480647794149233,0.480647794149233,0.563577586206897,1,0.723597444483247,0.723597444483247,0.990014977533699,0.809,130,10,156,484,166,0.212820512820513,0.610328638497653,0.454545454545455,0.979757085020243,0.675675675675676,0.575539568345324,0.330702227228576,58.2766690868787,0.276785465285194
9,"0.75","rho0_1",0.821380105848826,0.532183954783882,0.815878925218517,0.879095418352695,0.821380105848826,0.532183954783882,0.815878925218517,0.879095418352695,0.813,120,13,166,481,179,0.229487179487179,0.572792362768496,0.41958041958042,0.973684210526316,0.638888888888889,0.538181818181818,0.336002843795833,60.6630611415222,0.288119651770916
9,"0.75","rho0_shift",0.672112944162436,0.356312132959736,0.271285728714271,0.487971391417425,0.79843429353196,0.509215805010976,0.404446002102839,0.639411671674838,0.796,120,9,166,485,175,0.224358974358974,0.578313253012048,0.41958041958042,0.981781376518219,0.638888888888889,0.546125461254613,0.327864625207255,57.9851434458241,0.275400862124681
9,"0.75","rho0_SM",0.519622833843017,0.532183954783882,0.462745567800671,0.534514715794204,0.959210887555399,0.668120818498376,0.841203415710004,0.969623408149754,0.81,139,19,147,475,166,0.212820512820513,0.626126126126126,0.486013986013986,0.961538461538462,0.684563758389262,0.596610169491525,0.329431615409059,58.5974020346446,0.278308788762165
9,"0.9","rho0_1",0.865083025830258,0.532183954783882,0.892843289371606,0.828843427182499,0.865083025830258,0.532183954783882,0.892843289371606,0.828843427182499,0.818,122,15,164,479,179,0.229487179487179,0.576832151300236,0.426573426573427,0.969635627530364,0.609929078014184,0.560283687943262,0.329524426247336,58.876998453849,0.279636733996409
9,"0.9","rho0_shift",0.48849104859335,0.392353481682714,0.56036784336992,0.621916159657685,0.822738386308069,0.543774452942217,0.961016707125518,0.794645136584121,0.824,124,12,162,482,174,0.223076923076923,0.587677725118483,0.433566433566434,0.975708502024291,0.638888888888889,0.561151079136691,0.326471912213574,57.4416660720896,0.272819612370395
9,"0.9","rho0_SM",0.642492185621544,0.311168044718761,0.577760114022585,0.588837209302326,0.88197587245691,0.623071726156964,1,0.840254237288136,0.817,142,22,144,472,166,0.212820512820513,0.631111111111111,0.496503496503497,0.955465587044534,0.718954248366013,0.585858585858586,0.332341421500939,59.5277010935862,0.282727250934387
10,"CSDA","None",NA,NA,NA,NA,NA,NA,NA,NA,0.399,61,0,225,494,225,0.288461538461538,0.351585014409222,0.213286713286713,1,0.280701754385965,0.386266094420601,0.552845170040326,100.123777515639,0.48253866545036
10,"0","rho0_1",0.532183954783882,0.532183954783882,0.450512008251068,0.510513970618493,0.532183954783882,0.532183954783882,0.450512008251068,0.510513970618493,0.828,162,37,124,457,161,0.206410256410256,0.668041237113402,0.566433566433566,0.925101214574899,0.775,0.615384615384615,0.392254013087347,58.9462414657753,0.284086771354256
10,"0.5","rho0_1",0.951627906976744,0.729981378026071,0.854423292273236,0.756042081319306,0.951627906976744,0.729981378026071,0.854423292273236,0.756042081319306,0.811,138,29,148,465,177,0.226923076923077,0.609271523178808,0.482517482517482,0.941295546558704,0.718954248366013,0.553333333333333,0.392970397740421,59.8493993900999,0.288439469887094
10,"0.5","rho0_shift",0.490280174601563,0.461527281787227,0.226993375369144,0.455486202365309,0.66324151627666,0.514722531031036,0.281724977061475,0.517487083729509,0.815,140,32,146,462,178,0.228205128205128,0.611353711790393,0.48951048951049,0.935222672064777,0.710526315789474,0.562091503267974,0.39446721088843,59.210289064649,0.285359327975045
10,"0.5","rho0_SM",0.66327705295472,0.570389953734303,0.530685920577617,0.474613276350629,0.861172910919284,0.635360857232903,0.623071726156964,0.669469698637374,0.822,137,24,149,470,173,0.221794871794872,0.612975391498881,0.479020979020979,0.951417004048583,0.743589743589744,0.542955326460481,0.394716703727733,60.2911757052198,0.290568576067614
10,"0.75","rho0_1",0.951627906976744,0.729981378026071,1,0.932572614107884,0.951627906976744,0.729981378026071,1,0.932572614107884,0.814,144,28,142,466,170,0.217948717948718,0.62882096069869,0.503496503496504,0.94331983805668,0.751592356687898,0.564784053156146,0.392948924775071,58.8724044253307,0.283730919549211
10,"0.75","rho0_shift",0.460772317932655,0.35340178179058,0.35340178179058,0.450690285250228,0.609521198612584,0.482433202917642,0.482433202917642,0.547781464714372,0.818,139,27,147,467,174,0.223076923076923,0.615044247787611,0.486013986013986,0.945344129554656,0.735483870967742,0.552188552188552,0.394235813226954,59.8281854954698,0.288337231191573
10,"0.75","rho0_SM",0.511545548773465,0.532183954783882,0.465573217523296,0.402241112828439,0.606933043351413,0.668120818498376,0.70449769659743,0.774444243629134,0.81,144,28,142,466,170,0.217948717948718,0.62882096069869,0.503496503496504,0.94331983805668,0.759493670886076,0.56,0.392359244811532,58.0898432489141,0.279959427551295
10,"0.9","rho0_1",0.951627906976744,0.704600540691713,1,0.886001948684638,0.951627906976744,0.704600540691713,1,0.886001948684638,0.818,140,26,146,468,172,0.220512820512821,0.619469026548673,0.48951048951049,0.947368421052632,0.735483870967742,0.558922558922559,0.393073764311068,59.6804203392952,0.287625088651312
10,"0.9","rho0_shift",0.544306195919914,0.475106780565937,0.59014741448808,0.552527348170502,0.876036810558818,0.702682392916653,1,0.882443369353891,0.807,133,29,153,465,182,0.233333333333333,0.59375,0.465034965034965,0.941295546558704,0.751592356687898,0.508591065292096,0.394091928831373,60.1638870761668,0.289955118538201
10,"0.9","rho0_SM",0.656558216984757,0.349578104716573,0.577760114022585,0.519622833843017,0.796235287287926,0.554829702605168,1,0.959210887555399,0.811,161,46,125,448,171,0.219230769230769,0.653144016227181,0.562937062937063,0.906882591093117,0.782608695652174,0.590361445783133,0.397385363499269,60.245602965509,0.290348941835401
11,"CSDA","None",NA,NA,NA,NA,NA,NA,NA,NA,0.303,45,0,241,494,241,0.308974358974359,0.27190332326284,0.157342657342657,1,0.366666666666667,0.218009478672986,0.64701438014397,95.8123349827777,0.50820178247953
11,"0","rho0_1",0.451552190830655,0.451552190830655,0.244576446280992,0.510513970618493,0.451552190830655,0.451552190830655,0.244576446280992,0.510513970618493,0.829,136,35,150,459,185,0.237179487179487,0.595185995623632,0.475524475524476,0.92914979757085,0.629370629370629,0.579617834394904,0.385540424065039,52.1774796382976,0.276756517438372
11,"0.5","rho0_1",0.629364557912521,0.532183954783882,0.532183954783882,0.629364557912521,0.629364557912521,0.532183954783882,0.532183954783882,0.629364557912521,0.811,136,34,150,460,184,0.235897435897436,0.596491228070175,0.475524475524476,0.931174089068826,0.648275862068965,0.572347266881029,0.393158739676149,54.6194120487125,0.289708862289277
11,"0.5","rho0_shift",0.428011643528885,0.351949689822074,0.244576446280992,0.360211525842436,0.598268588022574,0.374276956334496,0.226826171676093,0.46947356404939,0.817,128,17,158,477,175,0.224358974358974,0.593967517401392,0.447552447552448,0.965587044534413,0.619718309859155,0.581314878892734,0.393739406076914,54.4941692198148,0.289044557125437
11,"0.5","rho0_SM",0.657222023596711,0.570389953734303,0.532183954783882,0.435763888888889,0.765698603203211,0.635360857232903,0.668120818498376,0.614814814814815,0.813,131,26,155,468,181,0.232051282051282,0.591422121896163,0.458041958041958,0.947368421052632,0.648275862068965,0.563758389261745,0.386069378189071,52.2040952170367,0.276897690123072
11,"0.75","rho0_1",0.872122762148338,0.544991727122311,0.806813803731631,0.919574873096447,0.872122762148338,0.544991727122311,0.806813803731631,0.919574873096447,0.808,130,28,156,466,184,0.235897435897436,0.585585585585586,0.454545454545455,0.94331983805668,0.619718309859155,0.56953642384106,0.389095961661906,53.2739487293739,0.282572340073514
11,"0.75","rho0_shift",0.453402012458074,0.335739030023095,0.335739030023095,0.437183217570865,0.562591272854723,0.474597979222997,0.474597979222997,0.597905903107924,0.816,127,21,159,473,180,0.230769230769231,0.585253456221198,0.444055944055944,0.95748987854251,0.638888888888889,0.558620689655172,0.390706480829191,53.6877714795945,0.284767312770198
11,"0.75","rho0_SM",0.53289872650091,0.55329251530676,0.577760114022585,0.59079283887468,0.870279259926547,0.692109365631371,1,0.763279445727483,0.811,143,23,143,471,166,0.212820512820513,0.632743362831858,0.5,0.953441295546559,0.648275862068965,0.625407166123778,0.385165735261797,50.793151179585,0.269413849186092
11,"0.9","rho0_1",0.912985274431058,0.544991727122311,0.951627906976744,0.892843289371606,0.912985274431058,0.544991727122311,0.951627906976744,0.892843289371606,0.806,130,24,156,470,180,0.230769230769231,0.590909090909091,0.454545454545455,0.951417004048583,0.648275862068965,0.56271186440678,0.393000239130142,53.2615362420287,0.282506502536051
11,"0.9","rho0_shift",0.552527348170502,0.335739030023095,0.534761138545192,0.480675544007795,0.882443369353891,0.474597979222997,0.827382708763647,0.83641447879447,0.825,131,27,155,467,182,0.233333333333333,0.59009009009009,0.458041958041958,0.945344129554656,0.638888888888889,0.566666666666667,0.389052201269591,54.2905788340802,0.28796468576081
11,"0.9","rho0_SM",0.564265284233107,0.532183954783882,0.563577586206897,0.516795154185022,0.893499365092369,0.668120818498376,0.990014977533699,0.858405596749194,0.807,137,21,149,473,170,0.217948717948718,0.617117117117117,0.479020979020979,0.95748987854251,0.657534246575342,0.597315436241611,0.384910137602035,51.5244393260734,0.273292701941516
12,"CSDA","None",NA,NA,NA,NA,NA,NA,NA,NA,0.51,50,0,236,494,236,0.302564102564103,0.297619047619048,0.174825174825175,1,0.280701754385965,0.306306306306306,0.575347840646378,98.9370571176586,0.496072156141465
12,"0","rho0_1",0.535651705081547,0.402500761266748,0.271571580439405,0.54738204704727,0.535651705081547,0.402500761266748,0.271571580439405,0.54738204704727,0.818,101,9,185,485,194,0.248717948717949,0.51010101010101,0.353146853146853,0.981781376518219,0.569343065693431,0.478764478764479,0.368561934701637,63.2861424782661,0.317317838913828
12,"0.5","rho0_1",0.754451212369685,0.570389953734303,0.667154352596928,0.926103707446473,0.754451212369685,0.570389953734303,0.667154352596928,0.926103707446473,0.819,134,29,152,465,181,0.232051282051282,0.596881959910913,0.468531468531469,0.941295546558704,0.569343065693431,0.608974358974359,0.361139069798654,60.1671836042766,0.301679323896179
12,"0.5","rho0_shift",0.511518247458127,0.402500761266748,0.0165176736539252,0.474380290205562,0.519578061090248,0.326431192918892,0.000766044742206451,0.541361949211716,0.82,135,22,151,472,173,0.221794871794872,0.609480812641084,0.472027972027972,0.955465587044534,0.609929078014184,0.609271523178808,0.366066264949083,63.8128756516074,0.319958888371161
12,"0.5","rho0_SM",0.497724317295189,0.609378556794901,0.532183954783882,0.428011643528885,0.706914974813006,0.633109861591695,0.668120818498376,0.717376245537379,0.817,133,31,153,463,184,0.235897435897436,0.591111111111111,0.465034965034965,0.937246963562753,0.629370629370629,0.57328990228013,0.3619811154507,60.1251937826776,0.301468786187221
12,"0.75","rho0_1",0.886001948684638,0.609378556794901,0.845229906344251,0.685925969310062,0.886001948684638,0.609378556794901,0.845229906344251,0.685925969310062,0.82,127,28,159,466,187,0.23974358974359,0.575963718820862,0.444055944055944,0.94331983805668,0.619718309859155,0.555183946488294,0.361961466728189,60.8864146450128,0.305285561068946
12,"0.75","rho0_shift",0.516795154185022,0.35340178179058,0.262026566146114,0.501365441906653,0.747828770444827,0.482433202917642,0.360993811023974,0.538210596266538,0.816,129,18,157,476,175,0.224358974358974,0.595842956120092,0.451048951048951,0.963562753036437,0.619718309859155,0.584192439862543,0.364737278045704,61.296105678115,0.307339759162802
12,"0.75","rho0_SM",0.548719644145227,0.609378556794901,0.465573217523296,0.466503992901508,0.88197587245691,0.633109861591695,0.70449769659743,0.638248286896936,0.812,142,28,144,466,172,0.220512820512821,0.62280701754386,0.496503496503497,0.94331983805668,0.648275862068965,0.610932475884244,0.361836029558816,59.1928084050568,0.29679378939526
12,"0.9","rho0_1",0.892843289371606,0.570389953734303,0.617015578270767,0.932572614107884,0.892843289371606,0.570389953734303,0.617015578270767,0.932572614107884,0.815,137,24,149,470,173,0.221794871794872,0.612975391498881,0.479020979020979,0.951417004048583,0.619718309859155,0.60983606557377,0.363630087333178,66.8131122764184,0.335002127929364
12,"0.9","rho0_shift",0.51286206198096,0.393063583815029,0.393063583815029,0.536760674910154,0.780214472031688,0.608425949857844,0.608425949857844,0.754580577181994,0.816,128,19,158,475,177,0.226923076923077,0.591224018475751,0.447552447552448,0.961538461538462,0.579710144927536,0.596610169491525,0.36101647411009,59.5764485987141,0.29871736811889
12,"0.9","rho0_SM",0.541376306620209,0.532183954783882,0.563577586206897,0.46666867035345,0.927068723702665,0.668120818498376,0.990014977533699,0.88197587245691,0.823,144,38,142,456,180,0.230769230769231,0.615384615384615,0.503496503496504,0.923076923076923,0.648275862068965,0.60061919504644,0.362223010014332,57.3094423733118,0.287350558765707
13,"CSDA","None",NA,NA,NA,NA,NA,NA,NA,NA,0.42,80,3,206,491,209,0.267948717948718,0.43360433604336,0.27972027972028,0.993927125506073,0.492307692307692,0.401673640167364,0.555103463451684,82.6793464471206,0.440283756634804
13,"0","rho0_1",0.410392197986577,0.410392197986577,0.244576446280992,0.410392197986577,0.410392197986577,0.410392197986577,0.244576446280992,0.410392197986577,0.817,149,49,137,445,186,0.238461538461538,0.615702479338843,0.520979020979021,0.90080971659919,0.710526315789474,0.572289156626506,0.403624471920038,56.1399546851588,0.298956283621545
13,"0.5","rho0_1",0.695873389241154,0.532183954783882,0.617015578270767,0.866374687164819,0.695873389241154,0.532183954783882,0.617015578270767,0.866374687164819,0.825,148,39,138,455,177,0.226923076923077,0.625792811839323,0.517482517482518,0.921052631578947,0.710526315789474,0.585669781931464,0.400246922244993,53.7823650376093,0.286401655758221
13,"0.5","rho0_shift",0.46733439562941,0.421553241981168,0.0165176736539252,0.375265372293203,0.457368655387355,0.33019410970926,0.000766044742206451,0.365594261905215,0.845,149,44,137,450,181,0.232051282051282,0.622129436325679,0.520979020979021,0.910931174089069,0.718954248366013,0.576687116564417,0.400493421219343,55.1752849660606,0.293819227922779
13,"0.5","rho0_SM",0.830037268574176,0.609378556794901,0.532183954783882,0.655189351146913,0.624468685090169,0.633109861591695,0.668120818498376,0.472595298088259,0.824,146,31,140,463,171,0.219230769230769,0.630669546436285,0.510489510489511,0.937246963562753,0.718954248366013,0.587096774193548,0.399175270384606,52.6395477407998,0.280315929223018
13,"0.75","rho0_1",0.945333914776975,0.611174748631793,1,0.879095418352695,0.945333914776975,0.611174748631793,1,0.879095418352695,0.82,153,38,133,456,171,0.219230769230769,0.641509433962264,0.534965034965035,0.923076923076923,0.701986754966887,0.613496932515337,0.400815267180274,55.0004905435139,0.292888413296095
13,"0.75","rho0_shift",0.579867137470824,0.382731475696614,0.335446390733154,0.486474739210472,0.74735114591731,0.517306984165951,0.488908885996103,0.534912609781245,0.822,138,29,148,465,177,0.226923076923077,0.609271523178808,0.482517482517482,0.941295546558704,0.693333333333333,0.567656765676568,0.403574179071559,56.1776280587533,0.299156901734339
13,"0.75","rho0_SM",0.556343683083512,0.532183954783882,0.462745567800671,0.528088971068088,0.679392165410724,0.668120818498376,0.841203415710004,0.655307382482544,0.829,153,44,133,450,177,0.226923076923077,0.633540372670807,0.534965034965035,0.910931174089069,0.743589743589744,0.581039755351682,0.40385159670139,55.5168970880844,0.295638379559311
13,"0.9","rho0_1",0.945333914776975,0.729981378026071,1,0.906334059177661,0.945333914776975,0.729981378026071,1,0.906334059177661,0.808,157,35,129,459,164,0.21025641025641,0.656903765690377,0.548951048951049,0.92914979757085,0.751592356687898,0.610591900311526,0.398711293918863,52.9703113142617,0.282077310207988
13,"0.9","rho0_shift",0.618202488473442,0.559128870022609,0.520355403845189,0.60588643971452,0.876036810558818,0.687852279388556,0.833365887006202,0.876036810558818,0.837,147,35,139,459,174,0.223076923076923,0.628205128205128,0.513986013986014,0.92914979757085,0.701986754966887,0.593059936908517,0.399963785025704,51.7675925750903,0.275672596728593
13,"0.9","rho0_SM",0.571293969849246,0.40200302783277,0.577760114022585,0.541376306620209,0.948649751807134,0.623071726156964,1,0.927068723702665,0.829,150,47,136,447,183,0.234615384615385,0.62111801242236,0.524475524475524,0.904858299595142,0.701986754966887,0.58433734939759,0.402031440132435,54.7024747275653,0.29130142055098
14,"CSDA","None",NA,NA,NA,NA,NA,NA,NA,NA,0.651,36,2,250,492,252,0.323076923076923,0.222222222222222,0.125874125874126,0.995951417004049,0.265486725663717,0.199052132701422,0.563933782370706,90.458934914793,0.510616447602612
14,"0","rho0_1",0.529728633249189,0.410392197986577,0.410392197986577,0.418481748518365,0.529728633249189,0.410392197986577,0.410392197986577,0.418481748518365,0.818,128,14,158,480,172,0.220512820512821,0.598130841121495,0.447552447552448,0.97165991902834,0.6,0.597222222222222,0.349824340845558,49.7189878656164,0.280650363463286
14,"0.5","rho0_1",0.945333914776975,0.662550862915673,0.776457714553697,0.531348821520428,0.945333914776975,0.662550862915673,0.776457714553697,0.531348821520428,0.798,122,12,164,482,176,0.225641025641026,0.580952380952381,0.426573426573427,0.975708502024291,0.629370629370629,0.555956678700361,0.351861872880333,51.600689584057,0.291272065430294
14,"0.5","rho0_shift",0.535744160607425,0.381676795892945,0.35871670259802,0.403622353735552,0.849852162128865,0.451604492205688,0.475456301565236,0.431920384780823,0.826,105,5,181,489,186,0.238461538461538,0.53030303030303,0.367132867132867,0.989878542510121,0.6,0.4921875,0.354292332647279,51.9603826208399,0.293302436237141
14,"0.5","rho0_SM",0.672112944162436,0.40200302783277,0.333936106088005,0.429407461594733,0.80905752753978,0.623071726156964,0.65650406504065,0.816333563059959,0.839,126,11,160,483,171,0.219230769230769,0.595744680851064,0.440559440559441,0.977732793522267,0.657534246575342,0.563176895306859,0.352452202986996,49.1751911163953,0.277580776533408
14,"0.75","rho0_1",0.932572614107884,0.729981378026071,1,0.945333914776975,0.932572614107884,0.729981378026071,1,0.945333914776975,0.825,122,10,164,484,174,0.223076923076923,0.583732057416268,0.426573426573427,0.979757085020243,0.638888888888889,0.554744525547445,0.352738002298528,49.8940935904771,0.281638788357604
14,"0.75","rho0_shift",0.56036784336992,0.335739030023095,0.354378779759626,0.387126513849893,0.760531200913894,0.474597979222997,0.462683186909626,0.442272474742279,0.855,106,8,180,486,188,0.241025641025641,0.53,0.370629370629371,0.983805668016194,0.629370629370629,0.474708171206226,0.352869675068369,51.8238924821423,0.292531985979019
14,"0.75","rho0_SM",0.679782732268048,0.349578104716573,0.577760114022585,0.525660041530703,0.815393883756957,0.554829702605168,1,0.899197388110461,0.832,134,18,152,476,170,0.217948717948718,0.611872146118721,0.468531468531469,0.963562753036437,0.675675675675676,0.579310344827586,0.354297987053188,49.6479836683384,0.28024956379642
14,"0.9","rho0_1",0.879095418352695,0.729981378026071,0.970172540381791,0.821380105848826,0.879095418352695,0.729981378026071,0.970172540381791,0.821380105848826,0.832,127,10,159,484,169,0.216666666666667,0.600472813238771,0.444055944055944,0.979757085020243,0.666666666666667,0.565217391304348,0.351642593273176,48.9087681999076,0.276076890562332
14,"0.9","rho0_shift",0.609487452281119,0.393063583815029,0.584272400560395,0.607340045469308,0.888795509799802,0.608425949857844,0.925803430310835,0.83641447879447,0.825,111,8,175,486,183,0.234615384615385,0.548148148148148,0.388111888111888,0.983805668016194,0.609929078014184,0.515151515151515,0.356430687556384,50.4796187164754,0.28494392079257
14,"0.9","rho0_SM",0.656558216984757,0.40200302783277,0.577760114022585,0.512084162638612,0.796235287287926,0.623071726156964,1,0.953949094725794,0.806,137,26,149,468,175,0.224358974358974,0.610244988864143,0.479020979020979,0.947368421052632,0.710526315789474,0.558922558922559,0.3584599062388,49.6477783374264,0.280248404758443
15,"CSDA","None",NA,NA,NA,NA,NA,NA,NA,NA,0.593,19,0,267,494,267,0.342307692307692,0.124590163934426,0.0664335664335664,1,0.0970873786407767,0.138613861386139,0.585691676666007,103.553446297695,0.550295789217657
15,"0","rho0_1",0.425315585244855,0.434603010684355,0.0107045977406174,0.352584165115886,0.425315585244855,0.434603010684355,0.0107045977406174,0.352584165115886,0.799,85,5,201,489,206,0.264102564102564,0.452127659574468,0.297202797202797,0.989878542510121,0.48062015503876,0.437246963562753,0.349086466612767,58.4645604641081,0.310687887193724
15,"0.5","rho0_1",0.912985274431058,0.544991727122311,0.635190122070998,0.611645881739295,0.912985274431058,0.544991727122311,0.635190122070998,0.611645881739295,0.81,92,5,194,489,199,0.255128205128205,0.480417754569191,0.321678321678322,0.989878542510121,0.558823529411765,0.437246963562753,0.329166015666812,54.3046665252466,0.288581697588343
15,"0.5","rho0_shift",0.620644599303136,0.416710457172885,0.0288297092597117,0.265897088210106,0.737980264539156,0.468855001292324,0.0442445156519596,0.394329783197593,0.779,101,6,185,488,191,0.244871794871795,0.513994910941476,0.353146853146853,0.987854251012146,0.589928057553957,0.47244094488189,0.327906924259454,53.0078867146119,0.281690449688363
15,"0.5","rho0_SM",0.458093854607465,0.447420519389775,0.380952380952381,0.479860023492561,0.546875896494348,0.491329805202117,0.52061556329849,0.649494751639033,0.824,112,10,174,484,184,0.235897435897436,0.549019607843137,0.391608391608392,0.979757085020243,0.619718309859155,0.511278195488722,0.321719974783351,52.0931610483109,0.27682948464614
15,"0.75","rho0_1",0.857975236707939,0.544991727122311,0.635190122070998,0.549830541775136,0.857975236707939,0.544991727122311,0.635190122070998,0.549830541775136,0.81,100,6,186,488,192,0.246153846153846,0.510204081632653,0.34965034965035,0.987854251012146,0.619718309859155,0.448,0.327278847630587,52.8135869745865,0.280657916898728
15,"0.75","rho0_shift",0.385315879339784,0.389569223499764,0.335739030023095,0.362988417971236,0.435303959843837,0.447940198369223,0.474597979222997,0.460058709637124,0.823,96,9,190,485,199,0.255128205128205,0.491048593350384,0.335664335664336,0.981781376518219,0.569343065693431,0.448818897637795,0.332105512203044,54.3699115100185,0.288928417486823
15,"0.75","rho0_SM",0.608098313125988,0.55329251530676,0.563577586206897,0.52363578680203,0.756528977213609,0.692109365631371,0.990014977533699,0.80905752753978,0.83,109,10,177,484,187,0.23974358974359,0.538271604938272,0.381118881118881,0.979757085020243,0.619718309859155,0.494296577946768,0.325818682612073,53.7059747296883,0.285400175524966
15,"0.9","rho0_1",0.906334059177661,0.519492747816331,0.919574873096447,0.607372415395338,0.906334059177661,0.519492747816331,0.919574873096447,0.607372415395338,0.815,105,8,181,486,189,0.242307692307692,0.526315789473684,0.367132867132867,0.983805668016194,0.638888888888889,0.462745098039216,0.323650435272473,52.0476428385936,0.276587595264031
15,"0.9","rho0_shift",0.581625464326886,0.363230226780992,0.544724075197089,0.470882905447714,0.856483540072678,0.507900988732589,0.931793339648765,0.735299960270163,0.82,101,12,185,482,197,0.252564102564103,0.506265664160401,0.353146853146853,0.975708502024291,0.609929078014184,0.449612403100775,0.324071123009713,53.5531523293677,0.284588058435663
15,"0.9","rho0_SM",0.695109780439122,0.40200302783277,0.540267823462844,0.566764572977858,0.742863564846033,0.623071726156964,0.821681169360024,0.559695173581711,0.83,117,8,169,486,177,0.226923076923077,0.569343065693431,0.409090909090909,0.983805668016194,0.629370629370629,0.537313432835821,0.322367076761241,52.4176837344102,0.278554038237072
16,"CSDA","None",NA,NA,NA,NA,NA,NA,NA,NA,0.488,38,2,248,492,250,0.320512820512821,0.233128834355828,0.132867132867133,0.995951417004049,0.265486725663717,0.215962441314554,0.603398731858179,101.986580135367,0.512849736121168
16,"0","rho0_1",0.515628234320017,0.450512008251068,0.450512008251068,0.515628234320017,0.515628234320017,0.450512008251068,0.450512008251068,0.515628234320017,0.794,130,24,156,470,180,0.230769230769231,0.590909090909091,0.454545454545455,0.951417004048583,0.629370629370629,0.572390572390572,0.378684992901811,58.6864589550284,0.295110738579761
16,"0.5","rho0_1",0.655189351146913,0.532183954783882,0.532183954783882,0.629364557912521,0.655189351146913,0.532183954783882,0.532183954783882,0.629364557912521,0.8,120,17,166,477,183,0.234615384615385,0.567375886524823,0.41958041958042,0.965587044534413,0.579710144927536,0.56140350877193,0.391606814991079,58.9406222427725,0.296388824136491
16,"0.5","rho0_shift",0.468940474646609,0.458872387659802,0.220022127031857,0.40531858658968,0.47513987792472,0.381717639731625,0.257778783976908,0.465849562122606,0.826,124,22,162,472,184,0.235897435897436,0.574074074074074,0.433566433566434,0.955465587044534,0.619718309859155,0.551724137931034,0.38437357420411,58.961267944277,0.296492643114974
16,"0.5","rho0_SM",0.444110262579768,0.532183954783882,0.539428887564899,0.41305305403289,0.47626081967013,0.668120818498376,0.65040592435648,0.523672354791506,0.823,122,28,164,466,192,0.246153846153846,0.559633027522936,0.426573426573427,0.94331983805668,0.609929078014184,0.535593220338983,0.380752214363521,58.3315476869399,0.293326031710053
16,"0.75","rho0_1",0.828843427182499,0.544991727122311,0.951627906976744,0.821380105848826,0.828843427182499,0.544991727122311,0.951627906976744,0.821380105848826,0.81,129,16,157,478,173,0.221794871794872,0.59860788863109,0.451048951048951,0.967611336032389,0.638888888888889,0.578397212543554,0.380083174976699,56.0100139227281,0.281651966585091
16,"0.75","rho0_shift",0.464555622732769,0.497935994552728,0.453402012458074,0.433300255174369,0.560471867994561,0.462535105394485,0.562591272854723,0.523331834376838,0.832,129,20,157,474,177,0.226923076923077,0.593103448275862,0.451048951048951,0.959514170040486,0.648275862068965,0.56551724137931,0.382402394964141,57.1070204529055,0.287168373829828
16,"0.75","rho0_SM",0.556419905639182,0.438524590163934,0.469874458491734,0.530412115193645,0.645606428413797,0.638506876227898,0.687733751935861,0.499445773292107,0.807,135,23,151,471,174,0.223076923076923,0.608108108108108,0.472027972027972,0.953441295546559,0.619718309859155,0.602649006622517,0.379654444329353,55.190282461303,0.277529864803425
16,"0.9","rho0_1",0.865083025830258,0.544991727122311,0.945333914776975,0.892843289371606,0.865083025830258,0.544991727122311,0.945333914776975,0.892843289371606,0.817,130,20,156,474,176,0.225641025641026,0.596330275229358,0.454545454545455,0.959514170040486,0.657534246575342,0.56551724137931,0.382146204437044,56.7885950013036,0.285567139543793
16,"0.9","rho0_shift",0.536266349583829,0.330193905817175,0.582087868704529,0.544306195919914,0.888795509799802,0.477154582763338,0.835344428404107,0.876036810558818,0.828,118,23,168,471,191,0.244871794871795,0.552693208430913,0.412587412587413,0.953441295546559,0.619718309859155,0.519298245614035,0.38597143243406,59.9237744675255,0.301332703599478
16,"0.9","rho0_SM",0.548719644145227,0.349578104716573,0.579542769376182,0.540844049990944,0.88197587245691,0.554829702605168,0.904853553082772,0.876149449092867,0.855,157,104,129,390,233,0.298717948717949,0.574040219378428,0.548951048951049,0.789473684210526,0.619718309859155,0.558024691358025,0.386514880397477,60.3085571758907,0.3032676219994
17,"CSDA","None",NA,NA,NA,NA,NA,NA,NA,NA,0.33,44,0,242,494,242,0.31025641025641,0.266666666666667,0.153846153846154,1,0.185185185185185,0.306306306306306,0.587667468349704,91.5618635747191,0.511517673912527
17,"0","rho0_1",0.558960486052597,0.423750188224665,0.245034542314335,0.727624920936116,0.558960486052597,0.423750188224665,0.245034542314335,0.727624920936116,0.82,123,12,163,482,175,0.224358974358974,0.584323040380047,0.43006993006993,0.975708502024291,0.589928057553957,0.581560283687943,0.355649266325561,52.0929423358974,0.291021388715759
17,"0.5","rho0_1",0.886001948684638,0.544991727122311,0.635190122070998,0.586188382082225,0.886001948684638,0.544991727122311,0.635190122070998,0.586188382082225,0.8,127,11,159,483,170,0.217948717948718,0.599056603773585,0.444055944055944,0.977732793522267,0.638888888888889,0.578571428571429,0.344195591491566,48.84758883137,0.272890961801665
17,"0.5","rho0_shift",0.535689719032753,0.357585393037435,0,0.479048137337357,0.694820022064294,0.352912949061008,0,0.610225411810038,0.812,111,10,175,484,185,0.237179487179487,0.545454545454545,0.388111888111888,0.979757085020243,0.619718309859155,0.505660377358491,0.355654694802268,53.2545282139199,0.29751068112614
17,"0.5","rho0_SM",0.720454154481335,0.729981378026071,0.530685920577617,0.507073484411726,0.809323713628796,0.661389621811785,0.623071726156964,0.575585326684135,0.808,121,15,165,479,180,0.230769230769231,0.57345971563981,0.423076923076923,0.969635627530364,0.619718309859155,0.55,0.345871107293914,50.5825603310957,0.282583518846662
17,"0.75","rho0_1",0.879095418352695,0.729981378026071,1,0.906334059177661,0.879095418352695,0.729981378026071,1,0.906334059177661,0.805,134,16,152,478,168,0.215384615384615,0.614678899082569,0.468531468531469,0.967611336032389,0.657534246575342,0.593103448275862,0.340757949835498,48.0511978309464,0.268441859783016
17,"0.75","rho0_shift",0.568745327685024,0.40121574197861,0.393063583815029,0.453402012458074,0.895093922321682,0.543911121141556,0.608425949857844,0.562591272854723,0.806,126,11,160,483,171,0.219230769230769,0.595744680851064,0.440559440559441,0.977732793522267,0.609929078014184,0.588652482269504,0.342708471730592,47.3689092965322,0.264630200316562
17,"0.75","rho0_SM",0.549023526724532,0.745048665924168,0.577760114022585,0.473432055749129,0.948649751807134,0.853085545992101,1,0.927068723702665,0.815,142,17,144,477,161,0.206410256410256,0.638202247191011,0.496503496503497,0.965587044534413,0.693333333333333,0.610169491525424,0.345526230670252,49.9960616646375,0.27930699713875
17,"0.9","rho0_1",0.850798403193613,0.729981378026071,1,0.886001948684638,0.850798403193613,0.729981378026071,1,0.886001948684638,0.803,140,14,146,480,160,0.205128205128205,0.636363636363636,0.48951048951049,0.97165991902834,0.693333333333333,0.606896551724138,0.343660497215607,49.1394460148771,0.274521445299856
17,"0.9","rho0_shift",0.694024593313693,0.565754698512138,0.576961744007619,0.694024593313693,0.856483540072678,0.804760599306292,0.89493804038279,0.856483540072678,0.803,130,14,156,480,170,0.217948717948718,0.604651162790698,0.454545454545455,0.97165991902834,0.638888888888889,0.587412587412587,0.341593050981404,49.4579039733968,0.276300536155166
17,"0.9","rho0_SM",0.548875483190816,0.532183954783882,0.577760114022585,0.449444150344097,0.916042140387229,0.668120818498376,1,0.910468319559229,0.825,143,38,143,456,181,0.232051282051282,0.612419700214133,0.5,0.923076923076923,0.657534246575342,0.59190031152648,0.351562101151162,52.1748932901074,0.291479214275833
18,"CSDA","None",NA,NA,NA,NA,NA,NA,NA,NA,0.453,47,0,239,494,239,0.306410256410256,0.282282282282282,0.164335664335664,1,0.295652173913043,0.275229357798165,0.539458712230574,85.6138623292511,0.45859651488204
18,"0","rho0_1",0.453613787279776,0.240522289781165,0.00216019975687488,0.258805137479692,0.453613787279776,0.240522289781165,0.00216019975687488,0.258805137479692,0.832,104,8,182,486,190,0.243589743589744,0.522613065326633,0.363636363636364,0.983805668016194,0.537313432835821,0.515151515151515,0.345114903616762,52.2806563471415,0.28004491497346
18,"0.5","rho0_1",0.701501603654388,0.450512008251068,0.532183954783882,0.617015578270767,0.701501603654388,0.450512008251068,0.532183954783882,0.617015578270767,0.827,113,11,173,483,184,0.235897435897436,0.551219512195122,0.395104895104895,0.977732793522267,0.6,0.525925925925926,0.344268923741027,52.597319030826,0.281741140318048
18,"0.5","rho0_shift",0.433938100320171,0.360273327049953,-0.00030637254901959,0.295173002990175,0.554869109947644,0.461977407709328,-0.00511865984178689,0.316447647308181,0.822,111,16,175,478,191,0.244871794871795,0.537530266343826,0.388111888111888,0.967611336032389,0.558823529411765,0.527075812274368,0.347248538370591,51.7829316856281,0.277378818748727
18,"0.5","rho0_SM",0.665945854864076,0.532183954783882,0.532183954783882,0.410147119483019,0.84811704074877,0.668120818498376,0.668120818498376,0.571559094172159,0.843,113,22,173,472,195,0.25,0.536817102137767,0.395104895104895,0.955465587044534,0.609929078014184,0.5,0.339250183051925,50.4998840940865,0.270506086484343
18,"0.75","rho0_1",0.932572614107884,0.729981378026071,0.970172540381791,0.926103707446473,0.932572614107884,0.729981378026071,0.970172540381791,0.926103707446473,0.824,108,7,178,487,185,0.237179487179487,0.538653366583541,0.377622377622378,0.98582995951417,0.569343065693431,0.522727272727273,0.337358177160208,50.9106693732396,0.2727064859554
18,"0.75","rho0_shift",0.453402012458074,0.40121574197861,0.39941079319734,0.440141864504922,0.562591272854723,0.543911121141556,0.603771111450982,0.550506297851321,0.839,103,16,183,478,199,0.255128205128205,0.508641975308642,0.36013986013986,0.967611336032389,0.537313432835821,0.494464944649447,0.343945587832033,52.5836399264145,0.281667867258766
18,"0.75","rho0_SM",0.665923196276183,0.55329251530676,0.658306308191233,0.489087872855004,0.783209724843112,0.692109365631371,0.942864816691287,0.937936796318644,0.835,136,31,150,463,181,0.232051282051282,0.600441501103753,0.475524475524476,0.937246963562753,0.666666666666667,0.568627450980392,0.343401952838955,52.6072282767087,0.281794219872027
18,"0.9","rho0_1",0.906334059177661,0.729981378026071,0.970172540381791,0.857975236707939,0.906334059177661,0.729981378026071,0.970172540381791,0.857975236707939,0.829,115,9,171,485,180,0.230769230769231,0.560975609756098,0.402097902097902,0.981781376518219,0.579710144927536,0.551470588235294,0.337675094713716,50.3618470050127,0.269766681366393
18,"0.9","rho0_shift",0.552463149728472,0.393063583815029,0.546108379537608,0.403299481129984,0.843162730267737,0.608425949857844,0.881222796086443,0.529987839833232,0.828,102,11,184,483,195,0.25,0.511278195488722,0.356643356643357,0.977732793522267,0.537313432835821,0.49811320754717,0.339068986611917,50.650922181034,0.27131513233748
18,"0.9","rho0_SM",0.581625464326886,0.532183954783882,0.577760114022585,0.449397208121827,0.796235287287926,0.668120818498376,1,0.80905752753978,0.843,115,23,171,471,194,0.248717948717949,0.542452830188679,0.402097902097902,0.953441295546559,0.579710144927536,0.524475524475524,0.340280041583869,50.8750612249869,0.272515748471471
19,"CSDA","None",NA,NA,NA,NA,NA,NA,NA,NA,0.431,42,0,244,494,244,0.312820512820513,0.25609756097561,0.146853146853147,1,0.25,0.259259259259259,0.628785564317486,108.80934422615,0.519084740794586
19,"0","rho0_1",0.483448852772467,0.410392197986577,0.410392197986577,0.510513970618493,0.483448852772467,0.410392197986577,0.410392197986577,0.510513970618493,0.807,133,17,153,477,170,0.217948717948718,0.610091743119266,0.465034965034965,0.965587044534413,0.666666666666667,0.581314878892734,0.381385625966758,63.8887586216586,0.304787056154699
19,"0.5","rho0_1",0.781842591038765,0.544991727122311,0.530685920577617,0.629364557912521,0.781842591038765,0.544991727122311,0.530685920577617,0.629364557912521,0.813,108,9,178,485,187,0.23974358974359,0.535980148883375,0.377622377622378,0.981781376518219,0.629370629370629,0.484615384615385,0.375166986981454,62.6988489007834,0.299110485052996
19,"0.5","rho0_shift",0.670069370029891,0.417345462850183,0.00495512494462402,0.559562480966399,0.718492087271539,0.421609393919483,-0.00509623924104215,0.595889819531992,0.823,113,9,173,485,182,0.233333333333333,0.553921568627451,0.395104895104895,0.981781376518219,0.638888888888889,0.507575757575758,0.372837456074787,61.2101500345921,0.292008513521286
19,"0.5","rho0_SM",0.786891540642722,0.410392197986577,0.410392197986577,0.469874458491734,0.777991623859801,0.527236407406459,0.527236407406459,0.687733751935861,0.828,120,14,166,480,180,0.230769230769231,0.571428571428571,0.41958041958042,0.97165991902834,0.675675675675676,0.514705882352941,0.37236201833801,58.4338367598284,0.278763861907543
19,"0.75","rho0_1",0.879095418352695,0.729981378026071,1,0.843551514341111,0.879095418352695,0.729981378026071,1,0.843551514341111,0.807,133,17,153,477,170,0.217948717948718,0.610091743119266,0.465034965034965,0.965587044534413,0.684563758389262,0.571428571428571,0.373163551262883,57.8338608592703,0.275901623034226
19,"0.75","rho0_shift",0.418441289559302,0.335739030023095,0.335739030023095,0.439839886979044,0.513266371458401,0.474597979222997,0.474597979222997,0.51143546718768,0.824,112,14,174,480,188,0.241025641025641,0.543689320388349,0.391608391608392,0.97165991902834,0.619718309859155,0.503703703703704,0.373762897668934,61.3154255699183,0.292510739909612
19,"0.75","rho0_SM",0.752775493421053,0.532183954783882,0.577760114022585,0.506301942869723,0.700502234714095,0.668120818498376,1,0.636806654079706,0.831,124,24,162,470,186,0.238461538461538,0.571428571428571,0.433566433566434,0.951417004048583,0.648275862068965,0.532871972318339,0.373583850862377,59.8736178585804,0.285632466839976
19,"0.9","rho0_1",0.892843289371606,0.611174748631793,0.970172540381791,0.708552055993001,0.892843289371606,0.611174748631793,0.970172540381791,0.708552055993001,0.818,127,11,159,483,170,0.217948717948718,0.599056603773585,0.444055944055944,0.977732793522267,0.638888888888889,0.578571428571429,0.372304075032424,58.7616272910976,0.280327616051719
19,"0.9","rho0_shift",0.595841412047871,0.429171439480718,0.614100897920605,0.639713786616501,0.794645136584121,0.533133470738867,0.966720236656095,0.787462533459424,0.828,115,12,171,482,183,0.234615384615385,0.556900726392252,0.402097902097902,0.975708502024291,0.666666666666667,0.496240601503759,0.375636534900546,61.458879704164,0.293195100730095
19,"0.9","rho0_SM",0.594114256436531,0.532183954783882,0.577760114022585,0.449444150344097,0.796235287287926,0.668120818498376,1,0.910468319559229,0.833,140,38,146,456,184,0.235897435897436,0.603448275862069,0.48951048951049,0.923076923076923,0.701986754966887,0.55591054313099,0.372722479267452,59.0782120272115,0.281837911944539
20,"CSDA","None",NA,NA,NA,NA,NA,NA,NA,NA,0.291,27,0,259,494,259,0.332051282051282,0.172523961661342,0.0944055944055944,1,0.218181818181818,0.147783251231527,0.530632655731116,119.495699872311,0.54549173874908
20,"0","rho0_1",0.592454537619581,0.177568089212953,0,0.357585393037435,0.592454537619581,0.177568089212953,0,0.357585393037435,0.793,67,3,219,491,222,0.284615384615385,0.376404494382022,0.234265734265734,0.993927125506073,0.526315789473684,0.286995515695067,0.2830445595507,62.868408249806,0.286991057964591
20,"0.5","rho0_1",0.667154352596928,0.246475484090137,0.556049436253252,0.556049436253252,0.667154352596928,0.246475484090137,0.556049436253252,0.556049436253252,0.818,82,7,204,487,211,0.27051282051282,0.437333333333333,0.286713286713287,0.98582995951417,0.548148148148148,0.375,0.277491124490131,63.4692401577129,0.289733824796286
20,"0.5","rho0_shift",0.588449731389102,0.360273327049953,0.27895697272378,0.428002276607854,0.637964645192091,0.461977407709328,0.367472034727026,0.527328499721138,0.816,100,5,186,489,191,0.244871794871795,0.51150895140665,0.34965034965035,0.989878542510121,0.6,0.462151394422311,0.26923731714595,60.1298042754539,0.27448947133586
20,"0.5","rho0_SM",0.509145829837221,0.544991727122311,0.544991727122311,0.539428887564899,0.641803787643589,0.647406594746145,0.647406594746145,0.65040592435648,0.788,93,6,193,488,199,0.255128205128205,0.483116883116883,0.325174825174825,0.987854251012146,0.6,0.416326530612245,0.273550309334173,61.4190452354086,0.280374790168787
20,"0.75","rho0_1",0.865083025830258,0.729981378026071,0.945333914776975,0.945333914776975,0.865083025830258,0.729981378026071,0.945333914776975,0.945333914776975,0.823,100,5,186,489,191,0.244871794871795,0.51150895140665,0.34965034965035,0.989878542510121,0.609929078014184,0.456,0.269281156530985,57.9824012750618,0.264686686819509
20,"0.75","rho0_shift",0.594114256436531,0.450099140779907,0.450099140779907,0.386709799164308,0.856483540072678,0.692780835221755,0.692780835221755,0.592731829573935,0.811,93,5,193,489,198,0.253846153846154,0.484375,0.325174825174825,0.989878542510121,0.558823529411765,0.443548387096774,0.266690111735738,57.6213969790226,0.263038720730748
20,"0.75","rho0_SM",0.695109780439122,0.532183954783882,0.465573217523296,0.449022839651519,0.742863564846033,0.668120818498376,0.70449769659743,0.648100701793472,0.827,100,12,186,482,198,0.253846153846154,0.50251256281407,0.34965034965035,0.975708502024291,0.609929078014184,0.443579766536965,0.276140257147393,60.7591097088959,0.277362218350684
20,"0.9","rho0_1",0.872122762148338,0.611174748631793,0.964046463032389,0.617087632835361,0.872122762148338,0.611174748631793,0.964046463032389,0.617087632835361,0.803,101,10,185,484,195,0.25,0.508816120906801,0.353146853146853,0.979757085020243,0.619718309859155,0.447058823529412,0.269094453411068,57.488873676129,0.262433758652636
20,"0.9","rho0_shift",0.594114256436531,0.384922292780749,0.568745327685024,0.475065259952143,0.856483540072678,0.543911121141556,0.895093922321682,0.712529451252419,0.821,99,11,187,483,198,0.253846153846154,0.5,0.346153846153846,0.977732793522267,0.6,0.4453125,0.270580434480682,58.8877602702029,0.268819604179542
20,"0.9","rho0_SM",0.656558216984757,0.532183954783882,0.577760114022585,0.465504169825625,0.796235287287926,0.668120818498376,1,0.921575461833391,0.823,110,17,176,477,193,0.247435897435897,0.532687651331719,0.384615384615385,0.965587044534413,0.589928057553957,0.503649635036496,0.272355408706562,57.476226807036,0.262376026344121
21,"CSDA","None",NA,NA,NA,NA,NA,NA,NA,NA,0.569,40,0,246,494,246,0.315384615384615,0.245398773006135,0.13986013986014,1,0.295652173913043,0.218009478672986,0.604056439126798,112.417927537705,0.526376051804564
21,"0","rho0_1",0.544991727122311,0.416823751178134,0.244798948604664,0.493916618221078,0.544991727122311,0.416823751178134,0.244798948604664,0.493916618221078,0.824,113,16,173,478,189,0.242307692307692,0.544578313253012,0.395104895104895,0.967611336032389,0.629370629370629,0.5,0.359353122081773,69.2704985730002,0.324346235018077
21,"0.5","rho0_1",0.769048559020924,0.544991727122311,0.544991727122311,0.599627560521415,0.769048559020924,0.544991727122311,0.544991727122311,0.599627560521415,0.832,102,12,184,482,196,0.251282051282051,0.51,0.356643356643357,0.975708502024291,0.666666666666667,0.41897233201581,0.350644194943406,66.0756296029021,0.309386854860947
21,"0.5","rho0_shift",0.641097519537887,0.450512008251068,0.168088737201365,0.473273893183415,0.776055124892334,0.389810157095686,0.173805586010815,0.471345733865502,0.82,84,5,202,489,207,0.265384615384615,0.448,0.293706293706294,0.989878542510121,0.657534246575342,0.314410480349345,0.351164786424779,70.9479087256135,0.332200396295808
21,"0.5","rho0_SM",0.662863070539419,0.532183954783882,0.532183954783882,0.461104513064133,0.643362338720048,0.668120818498376,0.668120818498376,0.636261102495418,0.833,105,5,181,489,186,0.238461538461538,0.53030303030303,0.367132867132867,0.989878542510121,0.638888888888889,0.468253968253968,0.343808262737171,60.3218354884626,0.28244578331487
21,"0.75","rho0_1",0.906334059177661,0.729981378026071,0.854423292273236,0.775372164461248,0.906334059177661,0.729981378026071,0.854423292273236,0.775372164461248,0.853,100,12,186,482,198,0.253846153846154,0.50251256281407,0.34965034965035,0.975708502024291,0.648275862068965,0.41897233201581,0.345488040884176,64.5132830423631,0.302071457467492
21,"0.75","rho0_shift",0.611483426915414,0.497935994552728,0.330256520339165,0.437183217570865,0.733954541496125,0.462535105394485,0.375563929727722,0.597905903107924,0.83,101,11,185,483,196,0.251282051282051,0.507537688442211,0.353146853146853,0.977732793522267,0.657534246575342,0.420634920634921,0.351031191675363,65.171106586235,0.305151593949204
21,"0.75","rho0_SM",0.563577586206897,0.532183954783882,0.462745567800671,0.401870083609558,0.990014977533699,0.668120818498376,0.841203415710004,0.795873266958221,0.819,112,6,174,488,180,0.230769230769231,0.554455445544555,0.391608391608392,0.987854251012146,0.718954248366013,0.454183266932271,0.346138751998029,62.4633166304655,0.292472870748619
21,"0.9","rho0_1",0.879095418352695,0.729981378026071,1,0.806229440789474,0.879095418352695,0.729981378026071,1,0.806229440789474,0.833,113,11,173,483,184,0.235897435897436,0.551219512195122,0.395104895104895,0.977732793522267,0.735483870967742,0.43921568627451,0.346008556086714,63.6643913495275,0.298096679890004
21,"0.9","rho0_shift",0.594673595323157,0.565754698512138,0.544588531743593,0.615976044027193,0.83641447879447,0.804760599306292,0.913673523595904,0.663700858385921,0.828,105,8,181,486,189,0.242307692307692,0.526315789473684,0.367132867132867,0.983805668016194,0.718954248366013,0.40650406504065,0.351107216981286,67.9710808606394,0.318261953088506
21,"0.9","rho0_SM",0.541376306620209,0.532183954783882,0.462745567800671,0.374773749806071,0.927068723702665,0.668120818498376,0.841203415710004,0.731275083409893,0.833,124,10,162,484,172,0.220512820512821,0.59047619047619,0.433566433566434,0.979757085020243,0.735483870967742,0.505660377358491,0.34395115546996,59.2144564154036,0.277260686621709
22,"CSDA","None",NA,NA,NA,NA,NA,NA,NA,NA,0.26,61,0,225,494,225,0.288461538461538,0.351585014409222,0.213286713286713,1,0.380165289256198,0.336283185840708,0.473782107014323,105.086576829163,0.481855929872774
22,"0","rho0_1",0.526044504043917,0.189013344219631,-0.00030637254901959,0.257488082031601,0.526044504043917,0.189013344219631,-0.00030637254901959,0.257488082031601,0.804,129,29,157,465,186,0.238461538461538,0.581081081081081,0.451048951048951,0.941295546558704,0.666666666666667,0.538720538720539,0.315028385383516,63.4516731674099,0.290946435773335
22,"0.5","rho0_1",0.750965611761774,0.544991727122311,0.629364557912521,0.775471804088969,0.750965611761774,0.544991727122311,0.629364557912521,0.775471804088969,0.801,136,11,150,483,161,0.206410256410256,0.628175519630485,0.475524475524476,0.977732793522267,0.629370629370629,0.627586206896552,0.312107761887696,62.5191080200241,0.28667032306875
22,"0.5","rho0_shift",0.444906287787183,0.397557518264093,0.189013344219631,0.173135359116022,0.579581786777406,0.422082120918202,0.160878003932886,0.15021548008964,0.796,137,23,149,471,172,0.220512820512821,0.614349775784753,0.479020979020979,0.953441295546559,0.638888888888889,0.602649006622517,0.315218178765782,62.0045835870481,0.284311062194766
22,"0.5","rho0_SM",0.721605329949239,0.532183954783882,0.532183954783882,0.426755913346298,0.629346965224278,0.668120818498376,0.668120818498376,0.65201780224033,0.796,143,19,143,475,162,0.207692307692308,0.638392857142857,0.5,0.961538461538462,0.701986754966887,0.606060606060606,0.313196287812989,61.2611670254872,0.280902256909043
22,"0.75","rho0_1",0.665935320990623,0.362307465907976,0.617015578270767,0.553125,0.665935320990623,0.362307465907976,0.617015578270767,0.553125,0.82,126,21,160,473,181,0.232051282051282,0.581986143187067,0.440559440559441,0.95748987854251,0.638888888888889,0.55363321799308,0.312140053047593,62.1402696233476,0.284933226539296
22,"0.75","rho0_shift",0.393094962362478,0.40121574197861,0.284415715584284,0.315573770491803,0.467946230109727,0.543911121141556,0.365393280929254,0.44466800804829,0.814,141,27,145,467,172,0.220512820512821,0.621145374449339,0.493006993006993,0.945344129554656,0.638888888888889,0.612903225806452,0.314283545257501,61.8622215324516,0.283658286147948
22,"0.75","rho0_SM",0.449484705624383,0.532183954783882,0.465573217523296,0.387800867095231,0.762010704433059,0.668120818498376,0.70449769659743,0.785448416321371,0.799,145,28,141,466,169,0.216666666666667,0.631808278867102,0.506993006993007,0.94331983805668,0.675675675675676,0.610932475884244,0.313717181996978,62.3273559965973,0.285791078046776
22,"0.9","rho0_1",0.694736531190926,0.362307465907976,0.825021753317381,0.658576344865061,0.694736531190926,0.362307465907976,0.825021753317381,0.658576344865061,0.805,135,21,151,473,172,0.220512820512821,0.610859728506787,0.472027972027972,0.95748987854251,0.648275862068965,0.592592592592593,0.312016761568145,61.4310259568956,0.281681115025947
22,"0.9","rho0_shift",0.564926372155288,0.392353481682714,0.584272400560395,0.599105860853674,0.863057616561326,0.543774452942217,0.925803430310835,0.829606628489397,0.798,135,17,151,477,168,0.215384615384615,0.616438356164384,0.472027972027972,0.965587044534413,0.666666666666667,0.59106529209622,0.313764310454591,61.8853622238965,0.283764393699745
22,"0.9","rho0_SM",0.672112944162436,0.532183954783882,0.577760114022585,0.449444150344097,0.80905752753978,0.668120818498376,1,0.910468319559229,0.828,147,49,139,445,188,0.241025641025641,0.609958506224066,0.513986013986014,0.90080971659919,0.657534246575342,0.589285714285714,0.317445114130713,62.6517426963753,0.287278495941394
23,"CSDA","None",NA,NA,NA,NA,NA,NA,NA,NA,0.284,39,2,247,492,249,0.319230769230769,0.238532110091743,0.136363636363636,0.995951417004049,0.295652173913043,0.207547169811321,0.566110075694917,111.225052727524,0.526549398744422
23,"0","rho0_1",0.50501485884101,0.50501485884101,0.244576446280992,0.517872857561916,0.50501485884101,0.50501485884101,0.244576446280992,0.517872857561916,0.814,117,13,169,481,182,0.233333333333333,0.5625,0.409090909090909,0.973684210526316,0.693333333333333,0.488721804511278,0.337669438974934,57.9703706371564,0.274436946132663
23,"0.5","rho0_1",0.970172540381791,0.532183954783882,0.532183954783882,0.714439655172414,0.970172540381791,0.532183954783882,0.532183954783882,0.714439655172414,0.83,102,7,184,487,191,0.244871794871795,0.516455696202532,0.356643356643357,0.98582995951417,0.648275862068965,0.44,0.337664706953362,57.028921542776,0.269980041483592
23,"0.5","rho0_shift",0.50905834717608,0.143850934601441,0.143850934601441,0.275405593709565,0.626554448210258,0.175616870272728,0.175616870272728,0.316498815165877,0.803,93,4,193,490,197,0.252564102564103,0.485639686684073,0.325174825174825,0.991902834008097,0.638888888888889,0.393305439330544,0.339812184846966,61.5196852738089,0.291239720705965
23,"0.5","rho0_SM",0.510426512287335,0.532183954783882,0.532183954783882,0.436169695791622,0.693417004377821,0.668120818498376,0.668120818498376,0.821369273224857,0.841,110,12,176,482,188,0.241025641025641,0.53921568627451,0.384615384615385,0.975708502024291,0.666666666666667,0.467432950191571,0.33856784368692,55.7355176949424,0.263856951390941
23,"0.75","rho0_1",0.892843289371606,0.504498569492546,1,0.857975236707939,0.892843289371606,0.504498569492546,1,0.857975236707939,0.82,98,10,188,484,198,0.253846153846154,0.49746192893401,0.342657342657343,0.979757085020243,0.619718309859155,0.428571428571429,0.342641255535669,58.5018023390899,0.276952791585327
23,"0.75","rho0_shift",0.522745072444851,0.23858190019735,0.142953245879583,0.232210917567014,0.720068032518295,0.237525932698055,0.180773779354621,0.233809739985285,0.805,110,12,176,482,188,0.241025641025641,0.53921568627451,0.384615384615385,0.975708502024291,0.666666666666667,0.467432950191571,0.337808570878424,58.4754508428429,0.276828041233094
23,"0.75","rho0_SM",0.577676493405741,0.532183954783882,0.577760114022585,0.530052264808362,0.783209724843112,0.668120818498376,1,0.927068723702665,0.812,122,16,164,478,180,0.230769230769231,0.575471698113208,0.426573426573427,0.967611336032389,0.693333333333333,0.510948905109489,0.338640185580688,53.6250936485566,0.253866014228227
23,"0.9","rho0_1",0.865083025830258,0.657301121195942,1,0.782926320183678,0.865083025830258,0.657301121195942,1,0.782926320183678,0.821,108,14,178,480,192,0.246153846153846,0.529411764705882,0.377622377622378,0.97165991902834,0.666666666666667,0.452107279693487,0.338132752987259,56.384835909796,0.266930882193765
23,"0.9","rho0_shift",0.590283165244376,0.513727043907896,0.59014741448808,0.515508944450256,0.843162730267737,0.75141988868528,1,0.613974087280941,0.807,103,7,183,487,190,0.243589743589744,0.52020202020202,0.36013986013986,0.98582995951417,0.657534246575342,0.44,0.334459098560473,55.823489641814,0.264273418496109
23,"0.9","rho0_SM",0.40120292356106,0.532183954783882,0.436169695791622,0.334470989761092,0.758798273052724,0.668120818498376,0.821369273224857,0.70859872611465,0.835,126,21,160,473,181,0.232051282051282,0.581986143187067,0.440559440559441,0.95748987854251,0.684563758389262,0.528169014084507,0.337095156560441,53.6832334802608,0.254141253418286
24,"CSDA","None",NA,NA,NA,NA,NA,NA,NA,NA,0.443,23,0,263,494,263,0.337179487179487,0.148867313915858,0.0804195804195804,1,0.218181818181818,0.110552763819095,0.599877856193786,97.5641419681635,0.54450680260414
24,"0","rho0_1",0.558960486052597,0.502013952329541,0.502013952329541,0.558960486052597,0.558960486052597,0.502013952329541,0.502013952329541,0.558960486052597,0.818,72,1,214,493,215,0.275641025641026,0.401114206128134,0.251748251748252,0.997975708502024,0.537313432835821,0.32,0.420028514439799,67.1667118954572,0.374858332147922
24,"0.5","rho0_1",0.599627560521415,0.544991727122311,0.544991727122311,0.599627560521415,0.599627560521415,0.544991727122311,0.544991727122311,0.599627560521415,0.786,109,10,177,484,187,0.23974358974359,0.538271604938272,0.381118881118881,0.979757085020243,0.675675675675676,0.459143968871595,0.362513856576581,54.192209795016,0.302447459550926
24,"0.5","rho0_shift",0.488399826539462,0.417345462850183,0.00495512494462402,0.361514876220759,0.41138332359037,0.421609393919483,-0.00509623924104215,0.453796812414218,0.807,114,5,172,489,177,0.226923076923077,0.562962962962963,0.398601398601399,0.989878542510121,0.684563758389262,0.4921875,0.361273714549863,52.9697660285177,0.295624984272288
24,"0.5","rho0_SM",0.448323297342193,0.410392197986577,0.410392197986577,0.461104513064133,0.763501631232338,0.527236407406459,0.527236407406459,0.636261102495418,0.8,111,5,175,489,180,0.230769230769231,0.552238805970149,0.388111888111888,0.989878542510121,0.693333333333333,0.468253968253968,0.360671286500838,52.2204809814715,0.291443214238997
24,"0.75","rho0_1",0.906334059177661,0.544991727122311,0.858449477351916,0.790772532188841,0.906334059177661,0.544991727122311,0.858449477351916,0.790772532188841,0.794,109,3,177,491,180,0.230769230769231,0.547738693467337,0.381118881118881,0.993927125506073,0.684563758389262,0.465863453815261,0.360553226136317,52.7824657004278,0.294579658595071
24,"0.75","rho0_shift",0.437183217570865,0.366954814842777,0.363230226780992,0.437183217570865,0.597905903107924,0.458868008865215,0.507900988732589,0.597905903107924,0.8,112,7,174,487,181,0.232051282051282,0.553086419753086,0.391608391608392,0.98582995951417,0.657534246575342,0.494208494208494,0.369343888336017,55.8646585271036,0.311781418659853
24,"0.75","rho0_SM",0.439117929050815,0.544991727122311,0.469874458491734,0.401870083609558,0.63927464109846,0.647406594746145,0.687733751935861,0.723294872987811,0.811,116,10,170,484,180,0.230769230769231,0.563106796116505,0.405594405594406,0.979757085020243,0.684563758389262,0.494296577946768,0.361725225294207,51.1027596303041,0.285205196183909
24,"0.9","rho0_1",0.828843427182499,0.544991727122311,0.951627906976744,0.865083025830258,0.828843427182499,0.544991727122311,0.951627906976744,0.865083025830258,0.792,107,7,179,487,186,0.238461538461538,0.535,0.374125874125874,0.98582995951417,0.648275862068965,0.470588235294118,0.365572090780211,54.7630750023656,0.305633466033444
24,"0.9","rho0_shift",0.543852134949921,0.47085161231966,0.568745327685024,0.608878785852778,0.815808945073283,0.616065305400084,0.895093922321682,0.794645136584121,0.811,110,9,176,485,185,0.237179487179487,0.54320987654321,0.384615384615385,0.981781376518219,0.675675675675676,0.466926070038911,0.366551682711233,53.5631447510854,0.298936638989285
24,"0.9","rho0_SM",0.612243024963289,0.532183954783882,0.577760114022585,0.464285714285714,0.858405596749194,0.668120818498376,1,0.846350832266325,0.806,116,14,170,480,184,0.235897435897436,0.557692307692308,0.405594405594406,0.97165991902834,0.684563758389262,0.48689138576779,0.361487091099663,50.1676208467792,0.279986173920848
25,"CSDA","None",NA,NA,NA,NA,NA,NA,NA,NA,0.465,47,1,239,493,240,0.307692307692308,0.281437125748503,0.164335664335664,0.997975708502024,0.338983050847458,0.25,0.6354693052082,98.5509379854233,0.524658573348505
25,"0","rho0_1",0.308629076459304,0.308629076459304,0.308629076459304,0.308629076459304,0.308629076459304,0.308629076459304,0.308629076459304,0.308629076459304,0.822,123,30,163,464,193,0.247435897435897,0.560364464692483,0.43006993006993,0.939271255060729,0.638888888888889,0.522033898305085,0.402240892066881,64.1998790362688,0.341782814378666
25,"0.5","rho0_1",0.635190122070998,0.544991727122311,0.635190122070998,0.599627560521415,0.635190122070998,0.544991727122311,0.635190122070998,0.599627560521415,0.831,128,19,158,475,177,0.226923076923077,0.591224018475751,0.447552447552448,0.961538461538462,0.619718309859155,0.577319587628866,0.396658355307555,60.1076901247512,0.319997105991933
25,"0.5","rho0_shift",0.437183217570865,0.466409549254503,0.225835578742189,0.414950208528385,0.597905903107924,0.522033575979123,0.264208788617247,0.511395550358623,0.825,124,24,162,470,186,0.238461538461538,0.571428571428571,0.433566433566434,0.951417004048583,0.609929078014184,0.552901023890785,0.402196620239464,65.9489107171195,0.351094186600736
25,"0.5","rho0_SM",0.66327705295472,0.570389953734303,0.530685920577617,0.647539656846876,0.861172910919284,0.635360857232903,0.623071726156964,0.902185771791881,0.814,125,15,161,479,176,0.225641025641026,0.586854460093897,0.437062937062937,0.969635627530364,0.609929078014184,0.575438596491228,0.394594684411222,57.5043173834428,0.306137452737783
25,"0.75","rho0_1",0.872122762148338,0.729981378026071,0.809869454525757,0.906334059177661,0.872122762148338,0.729981378026071,0.809869454525757,0.906334059177661,0.806,135,24,151,470,175,0.224358974358974,0.606741573033708,0.472027972027972,0.951417004048583,0.710526315789474,0.552901023890785,0.396127454441606,59.4172227302154,0.316321244091823
25,"0.75","rho0_shift",0.44242658423493,0.37486260716641,0.268936000796258,0.408680555555556,0.521861512478889,0.371759020443624,0.342170221169036,0.453095843935539,0.801,128,22,158,472,180,0.230769230769231,0.587155963302752,0.447552447552448,0.955465587044534,0.648275862068965,0.556701030927835,0.398676216438189,59.6959730380787,0.317805235435118
25,"0.75","rho0_SM",0.518728222996516,0.544991727122311,0.647539656846876,0.56379544682297,0.927068723702665,0.647406594746145,0.902185771791881,0.877632662666196,0.81,144,18,142,476,160,0.205128205128205,0.642857142857143,0.503496503496504,0.963562753036437,0.701986754966887,0.612794612794613,0.391489200617677,55.7396177164164,0.296742668389535
25,"0.9","rho0_1",0.836233539371137,0.729981378026071,1,0.790772532188841,0.836233539371137,0.729981378026071,1,0.790772532188841,0.83,131,20,155,474,175,0.224358974358974,0.59954233409611,0.458041958041958,0.959514170040486,0.638888888888889,0.580204778156997,0.395121736092132,57.8552227304366,0.308005578018959
25,"0.9","rho0_shift",0.606603048546176,0.488399826539462,0.393063583815029,0.440141864504922,0.748846195127187,0.502577456555243,0.608425949857844,0.550506297851321,0.835,119,14,167,480,181,0.232051282051282,0.568019093078759,0.416083916083916,0.97165991902834,0.657534246575342,0.52014652014652,0.39417040536675,57.3302348113027,0.305210684146728
25,"0.9","rho0_SM",0.504482640475103,0.532183954783882,0.577760114022585,0.457508492444653,0.948649751807134,0.668120818498376,1,0.916042140387229,0.837,144,22,142,472,164,0.21025641025641,0.63716814159292,0.503496503496504,0.955465587044534,0.648275862068965,0.631921824104234,0.394947599124937,56.5705099945055,0.301166114438247
26,"CSDA","None",NA,NA,NA,NA,NA,NA,NA,NA,0.533,39,0,247,494,247,0.316666666666667,0.24,0.136363636363636,1,0.280701754385965,0.218009478672986,0.564227314511869,104.553972377459,0.525047137030906
26,"0","rho0_1",0.544991727122311,0.544991727122311,0.328899346907415,0.539428887564899,0.544991727122311,0.544991727122311,0.328899346907415,0.539428887564899,0.799,120,16,166,478,182,0.233333333333333,0.568720379146919,0.41958041958042,0.967611336032389,0.684563758389262,0.505494505494505,0.345363190942812,60.8658921228344,0.30565517191976
26,"0.5","rho0_1",0.800646551724138,0.570389953734303,0.800646551724138,0.945333914776975,0.800646551724138,0.570389953734303,0.800646551724138,0.945333914776975,0.801,127,21,159,473,180,0.230769230769231,0.585253456221198,0.444055944055944,0.95748987854251,0.710526315789474,0.517730496453901,0.345072936171973,57.0107481035294,0.286295483481808
26,"0.5","rho0_shift",0.39941079319734,0.40121574197861,0.289444519075766,0.414950208528385,0.603771111450982,0.543911121141556,0.370135113760292,0.511395550358623,0.826,127,23,159,471,182,0.233333333333333,0.582568807339449,0.444055944055944,0.953441295546559,0.693333333333333,0.524475524475524,0.344638100475649,56.441459637082,0.283436641558769
26,"0.5","rho0_SM",0.571293969849246,0.532183954783882,0.532183954783882,0.430895340574561,0.948649751807134,0.668120818498376,0.668120818498376,0.795906231044613,0.805,117,18,169,476,187,0.23974358974359,0.555819477434679,0.409090909090909,0.963562753036437,0.701986754966887,0.474074074074074,0.343422072469239,56.6925233977136,0.284697428745849
26,"0.75","rho0_1",0.806813803731631,0.729981378026071,0.854423292273236,0.800646551724138,0.806813803731631,0.729981378026071,0.854423292273236,0.800646551724138,0.806,129,19,157,475,176,0.225641025641026,0.594470046082949,0.451048951048951,0.961538461538462,0.701986754966887,0.537102473498233,0.345924706809732,58.5558702463103,0.294054748280484
26,"0.75","rho0_shift",0.464555622732769,0.54153605015674,0.315427881167189,0.471025677002947,0.560471867994561,0.478603912114405,0.393496358929469,0.568032337626747,0.805,125,18,161,476,179,0.229487179487179,0.582750582750583,0.437062937062937,0.963562753036437,0.675675675675676,0.533807829181495,0.346306125924378,57.60471845908,0.289278272443065
26,"0.75","rho0_SM",0.473432055749129,0.532183954783882,0.462745567800671,0.5491643454039,0.635343618513324,0.668120818498376,0.841203415710004,0.979890428617467,0.822,140,23,146,471,169,0.216666666666667,0.623608017817372,0.48951048951049,0.953441295546559,0.735483870967742,0.564625850340136,0.346688924082646,57.4748197031233,0.288625949357025
26,"0.9","rho0_1",0.906334059177661,0.729981378026071,1,0.828843427182499,0.906334059177661,0.729981378026071,1,0.828843427182499,0.826,132,18,154,476,172,0.220512820512821,0.605504587155963,0.461538461538462,0.963562753036437,0.718954248366013,0.54416961130742,0.345104705814786,56.2544821389784,0.282497681538062
26,"0.9","rho0_shift",0.568938293437756,0.382731475696614,0.544588531743593,0.544588531743593,0.876036810558818,0.517306984165951,0.913673523595904,0.913673523595904,0.81,121,17,165,477,182,0.233333333333333,0.570754716981132,0.423076923076923,0.965587044534413,0.693333333333333,0.503649635036496,0.348291740451664,58.1560829128097,0.292047103902153
26,"0.9","rho0_SM",0.556460900610388,0.40200302783277,0.577760114022585,0.506793718016587,0.937936796318644,0.623071726156964,1,0.910468319559229,0.845,149,33,137,461,170,0.217948717948718,0.636752136752137,0.520979020979021,0.933198380566802,0.743589743589744,0.583333333333333,0.350204620365676,58.261113860306,0.292574546303705
27,"CSDA","None",NA,NA,NA,NA,NA,NA,NA,NA,0.209,57,1,229,493,230,0.294871794871795,0.331395348837209,0.199300699300699,0.997975708502024,0.324786324786325,0.334801762114537,0.536370837687,104.864212686816,0.48899136257114
27,"0","rho0_1",0.699738233331622,0.544991727122311,0.328899346907415,0.533016985232161,0.699738233331622,0.544991727122311,0.328899346907415,0.533016985232161,0.818,138,17,148,477,165,0.211538461538462,0.625850340136054,0.482517482517482,0.965587044534413,0.648275862068965,0.614864864864865,0.342488134636877,67.194955403659,0.313336189333478
27,"0.5","rho0_1",0.858449477351916,0.544991727122311,0.863092563468883,0.825953011631924,0.858449477351916,0.544991727122311,0.863092563468883,0.825953011631924,0.802,127,14,159,480,173,0.221794871794872,0.594847775175644,0.444055944055944,0.97165991902834,0.629370629370629,0.577464788732394,0.330521681555747,59.3199259062569,0.276614210447094
27,"0.5","rho0_shift",0.459753623905407,0.381676795892945,0.352768903088392,0.333876790497263,0.54448030054908,0.451604492205688,0.363097589885421,0.354699873751865,0.829,142,26,144,468,170,0.217948717948718,0.625550660792952,0.496503496503497,0.947368421052632,0.666666666666667,0.60586319218241,0.331355114472363,60.458856595567,0.281925147852433
27,"0.5","rho0_SM",0.850798403193613,0.532183954783882,0.731794538361508,0.584766584766585,0.649359406608227,0.668120818498376,0.890093115554877,0.925883694412771,0.829,140,21,146,473,167,0.214102564102564,0.626398210290828,0.48951048951049,0.95748987854251,0.675675675675676,0.602006688963211,0.32853226142742,57.3884487436429,0.267607556743962
27,"0.75","rho0_1",0.872122762148338,0.729981378026071,1,0.790772532188841,0.872122762148338,0.729981378026071,1,0.790772532188841,0.821,124,14,162,480,176,0.225641025641026,0.584905660377358,0.433566433566434,0.97165991902834,0.629370629370629,0.562277580071174,0.329279507080741,59.6696395148726,0.278244956815232
27,"0.75","rho0_shift",0.426736111111111,0.40121574197861,0.414067835192352,0.426736111111111,0.541306191687871,0.543911121141556,0.570235975066785,0.541306191687871,0.827,136,17,150,477,167,0.214102564102564,0.619589977220957,0.475524475524476,0.965587044534413,0.675675675675676,0.59106529209622,0.328612141640946,58.2286110546258,0.271525310024153
27,"0.75","rho0_SM",0.579542769376182,0.532183954783882,0.658306308191233,0.525276508776148,0.904853553082772,0.668120818498376,0.942864816691287,0.88197587245691,0.827,138,21,148,473,169,0.216666666666667,0.620224719101124,0.482517482517482,0.95748987854251,0.675675675675676,0.592592592592593,0.328588354356964,57.7296979710512,0.26919883293258
27,"0.9","rho0_1",0.926103707446473,0.729981378026071,0.970172540381791,0.872122762148338,0.926103707446473,0.729981378026071,0.970172540381791,0.872122762148338,0.818,131,20,155,474,175,0.224358974358974,0.59954233409611,0.458041958041958,0.959514170040486,0.710526315789474,0.540350877192982,0.326983513567193,57.2575550306405,0.266997187453686
27,"0.9","rho0_shift",0.560925466649262,0.335739030023095,0.59014741448808,0.543852134949921,0.829606628489397,0.474597979222997,1,0.815808945073283,0.814,128,18,158,476,176,0.225641025641026,0.592592592592593,0.447552447552448,0.963562753036437,0.693333333333333,0.539007092198582,0.329438896176035,58.4195870502157,0.272415848463428
27,"0.9","rho0_SM",0.702373536007974,0.40200302783277,0.577760114022585,0.537674203434916,0.834110791305704,0.623071726156964,1,0.932522359454855,0.81,156,26,130,468,156,0.2,0.666666666666667,0.545454545454545,0.947368421052632,0.735483870967742,0.63258785942492,0.330009915992021,56.6382498848421,0.264109311224684
28,"CSDA","None",NA,NA,NA,NA,NA,NA,NA,NA,0.651,43,0,243,494,243,0.311538461538462,0.261398176291793,0.15034965034965,1,0.234234234234234,0.275229357798165,0.590493819455116,93.0027972936493,0.500285143955756
28,"0","rho0_1",0.539428887564899,0.544991727122311,0.410392197986577,0.532183954783882,0.539428887564899,0.544991727122311,0.410392197986577,0.532183954783882,0.809,143,27,143,467,170,0.217948717948718,0.62719298245614,0.5,0.945344129554656,0.638888888888889,0.621794871794872,0.336950283281557,50.1453377253176,0.269744225256046
28,"0.5","rho0_1",0.742817822122828,0.544991727122311,0.635190122070998,0.586188382082225,0.742817822122828,0.544991727122311,0.635190122070998,0.586188382082225,0.817,138,24,148,470,172,0.220512820512821,0.616071428571429,0.482517482517482,0.951417004048583,0.619718309859155,0.61437908496732,0.335059919504342,48.8921880110224,0.263003221722197
28,"0.5","rho0_shift",0.455486202365309,0.477014625151909,0.37078322088589,0.364155118201933,0.410261991224955,0.426222761785222,0.458322187699335,0.354699873751865,0.818,135,22,151,472,173,0.221794871794872,0.609480812641084,0.472027972027972,0.955465587044534,0.6,0.613861386138614,0.339177860773311,50.8778972442118,0.273684844839874
28,"0.5","rho0_SM",0.458712613784135,0.544991727122311,0.539428887564899,0.426755913346298,0.816821859258129,0.647406594746145,0.65040592435648,0.65201780224033,0.82,145,24,141,470,165,0.211538461538462,0.637362637362637,0.506993006993007,0.951417004048583,0.638888888888889,0.636655948553055,0.333121215798905,48.3717051144116,0.260203414959017
28,"0.75","rho0_1",0.843551514341111,0.729981378026071,0.951627906976744,0.906334059177661,0.843551514341111,0.729981378026071,0.951627906976744,0.906334059177661,0.796,136,19,150,475,169,0.216666666666667,0.616780045351474,0.475524475524476,0.961538461538462,0.629370629370629,0.610738255033557,0.334382614876007,46.9965224902617,0.252805966096097
28,"0.75","rho0_shift",0.437183217570865,0.393762376237624,0.256754583467353,0.35948331452523,0.597905903107924,0.452498172069218,0.339695723355828,0.458746790646034,0.818,128,14,158,480,172,0.220512820512821,0.598130841121495,0.447552447552448,0.97165991902834,0.609929078014184,0.592334494773519,0.334122977788032,48.21374873565,0.259353728369076
28,"0.75","rho0_SM",0.534003224691927,0.532183954783882,0.465573217523296,0.549023526724532,0.937936796318644,0.668120818498376,0.70449769659743,0.948649751807134,0.824,146,26,140,468,166,0.212820512820513,0.637554585152838,0.510489510489511,0.947368421052632,0.657534246575342,0.628205128205128,0.333315154841061,48.5355871349104,0.261084977047501
28,"0.9","rho0_1",0.843551514341111,0.611174748631793,0.951627906976744,0.879095418352695,0.843551514341111,0.611174748631793,0.951627906976744,0.879095418352695,0.821,133,17,153,477,170,0.217948717948718,0.610091743119266,0.465034965034965,0.965587044534413,0.638888888888889,0.595890410958904,0.329867975877266,46.710051982611,0.251264970090282
28,"0.9","rho0_shift",0.444172521018081,0.335739030023095,0.428011643528885,0.454049805982612,0.512574467789643,0.474597979222997,0.598268588022574,0.519578061090248,0.813,134,22,152,472,174,0.223076923076923,0.606334841628959,0.468531468531469,0.955465587044534,0.629370629370629,0.595317725752508,0.334417099842759,47.875339868867,0.257533343030558
28,"0.9","rho0_SM",0.549023526724532,0.349578104716573,0.462745567800671,0.518728222996516,0.948649751807134,0.554829702605168,0.841203415710004,0.927068723702665,0.837,155,49,131,445,180,0.230769230769231,0.63265306122449,0.541958041958042,0.90080971659919,0.666666666666667,0.618075801749271,0.337427070275775,49.7317372633494,0.26751936565314
29,"CSDA","None",NA,NA,NA,NA,NA,NA,NA,NA,0.507,60,1,226,493,227,0.291025641025641,0.345821325648415,0.20979020979021,0.997975708502024,0.456692913385827,0.281818181818182,0.545769482932464,114.611805192929,0.511402126085652
29,"0","rho0_1",0.701501603654388,0.450512008251068,0.450512008251068,0.701501603654388,0.701501603654388,0.450512008251068,0.450512008251068,0.701501603654388,0.795,145,14,141,480,155,0.198717948717949,0.651685393258427,0.506993006993007,0.97165991902834,0.797546012269939,0.567375886524823,0.356343119947286,63.0913265882631,0.281515839493927
29,"0.5","rho0_1",0.970172540381791,0.729981378026071,0.825021753317381,0.788161559888579,0.970172540381791,0.729981378026071,0.825021753317381,0.788161559888579,0.811,136,17,150,477,167,0.214102564102564,0.619589977220957,0.475524475524476,0.965587044534413,0.751592356687898,0.546099290780142,0.362953332880827,65.4029140941331,0.29183022868922
29,"0.5","rho0_shift",0.521096321037379,0.520173094056256,0,0.597264068422587,0.612863874470782,0.557491724439448,0,0.630607484934232,0.794,143,14,143,480,157,0.201282051282051,0.645598194130926,0.5,0.97165991902834,0.743589743589744,0.592334494773519,0.362708479596651,64.2516196018153,0.28669310995934
29,"0.5","rho0_SM",0.549023526724532,0.532183954783882,0.532183954783882,0.422596906812843,0.784328957589962,0.668120818498376,0.668120818498376,0.81126640472871,0.803,148,24,138,470,162,0.207692307692308,0.646288209606987,0.517482517482518,0.951417004048583,0.767295597484277,0.581939799331104,0.362849501142742,63.3972310742595,0.28288079665741
29,"0.75","rho0_1",0.879095418352695,0.729981378026071,1,0.906334059177661,0.879095418352695,0.729981378026071,1,0.906334059177661,0.808,139,26,147,468,173,0.221794871794872,0.616407982261641,0.486013986013986,0.947368421052632,0.767295597484277,0.534246575342466,0.360123671967458,63.206571559119,0.282030066828688
29,"0.75","rho0_shift",0.618224534317839,0.392353481682714,0.390054472721083,0.403837814397225,0.657395394096659,0.543774452942217,0.600973032792876,0.568900462347877,0.794,132,16,154,478,170,0.217948717948718,0.608294930875576,0.461538461538462,0.967611336032389,0.735483870967742,0.537634408602151,0.36088325090096,64.5901805147125,0.288203781310984
29,"0.75","rho0_SM",0.627501516070346,0.532183954783882,0.577760114022585,0.612243024963289,0.870279259926547,0.668120818498376,1,0.858405596749194,0.806,148,18,138,476,156,0.2,0.654867256637168,0.517482517482518,0.963562753036437,0.782608695652174,0.584192439862543,0.360960488356495,63.0602918389615,0.281377361291367
29,"0.9","rho0_1",0.892843289371606,0.729981378026071,0.970172540381791,0.865083025830258,0.892843289371606,0.729981378026071,0.970172540381791,0.865083025830258,0.813,146,18,140,476,158,0.202564102564103,0.648888888888889,0.510489510489511,0.963562753036437,0.759493670886076,0.589041095890411,0.362049178051856,64.2304334784142,0.286598576690864
29,"0.9","rho0_shift",0.609487452281119,0.565754698512138,0.639326864766525,0.430732484076433,0.888795509799802,0.804760599306292,0.931793339648765,0.467946230109727,0.813,137,17,149,477,166,0.212820512820513,0.622727272727273,0.479020979020979,0.965587044534413,0.751592356687898,0.551236749116608,0.359594216878993,64.4268174275759,0.287474849156526
29,"0.9","rho0_SM",0.519622833843017,0.532183954783882,0.577760114022585,0.481293008731857,0.959210887555399,0.668120818498376,1,0.932522359454855,0.816,155,35,131,459,166,0.212820512820513,0.651260504201681,0.541958041958042,0.92914979757085,0.804878048780488,0.57051282051282,0.363034899371536,64.3075249881491,0.286942561866869
30,"CSDA","None",NA,NA,NA,NA,NA,NA,NA,NA,0.48,30,0,256,494,256,0.328205128205128,0.189873417721519,0.104895104895105,1,0.265486725663717,0.147783251231527,0.588172407379806,93.2658151860668,0.523142367066014
30,"0","rho0_1",0.225277964959569,0.00495512494462402,0.00495512494462402,0.0200564565428459,0.225277964959569,0.00495512494462402,0.00495512494462402,0.0200564565428459,0.827,95,8,191,486,199,0.255128205128205,0.488431876606684,0.332167832167832,0.983805668016194,0.648275862068965,0.39344262295082,0.328272918703612,52.1635256658146,0.292593274790781
30,"0.5","rho0_1",0.629364557912521,0.544991727122311,0.629364557912521,0.593555342597029,0.629364557912521,0.544991727122311,0.629364557912521,0.593555342597029,0.803,105,9,181,485,190,0.243589743589744,0.525,0.367132867132867,0.981781376518219,0.638888888888889,0.4609375,0.324175278101237,52.0281675694056,0.291834030315024
30,"0.5","rho0_shift",0.434227558809088,0.319856212407019,0.0165176736539252,0.434227558809088,0.527081649151172,0.392405731788896,0.000766044742206451,0.527081649151172,0.799,72,5,214,489,219,0.280769230769231,0.396694214876033,0.251748251748252,0.989878542510121,0.589928057553957,0.276785714285714,0.352919294395521,62.2376328405151,0.34910049839608
30,"0.5","rho0_SM",0.461104513064133,0.411732635481409,0.539428887564899,0.451635941614962,0.636261102495418,0.506791892178712,0.65040592435648,0.672603234650288,0.802,108,16,178,478,194,0.248717948717949,0.526829268292683,0.377622377622378,0.967611336032389,0.657534246575342,0.454545454545455,0.327254220976293,53.5228627728462,0.300218006643437
30,"0.75","rho0_1",0.850798403193613,0.532183954783882,0.863092563468883,0.791552461352922,0.850798403193613,0.532183954783882,0.863092563468883,0.791552461352922,0.807,105,9,181,485,190,0.243589743589744,0.525,0.367132867132867,0.981781376518219,0.666666666666667,0.442687747035573,0.328600455311008,53.5357608752864,0.300290354092798
30,"0.75","rho0_shift",0.556440147853284,0.40121574197861,0.40121574197861,0.395298160331895,0.791243480647818,0.543911121141556,0.543911121141556,0.538570752484619,0.819,95,8,191,486,199,0.255128205128205,0.488431876606684,0.332167832167832,0.983805668016194,0.589928057553957,0.432,0.323497241864483,52.4818339339182,0.294378715045607
30,"0.75","rho0_SM",0.577760114022585,0.532183954783882,0.462745567800671,0.442884121834294,1,0.668120818498376,0.841203415710004,0.826373827081573,0.827,113,20,173,474,193,0.247435897435897,0.539379474940334,0.395104895104895,0.959514170040486,0.657534246575342,0.476190476190476,0.324806437883168,50.4774147511946,0.283135618164391
30,"0.9","rho0_1",0.865083025830258,0.532183954783882,0.970172540381791,0.919574873096447,0.865083025830258,0.532183954783882,0.970172540381791,0.919574873096447,0.804,100,6,186,488,192,0.246153846153846,0.510204081632653,0.34965034965035,0.987854251012146,0.684563758389262,0.403292181069959,0.32173062849558,50.9374798903838,0.285716194610754
30,"0.9","rho0_shift",0.597283935164904,0.330193905817175,0.56036784336992,0.371506491164803,0.888795509799802,0.477154582763338,0.961016707125518,0.501152289693348,0.809,97,4,189,490,193,0.247435897435897,0.501291989664083,0.339160839160839,0.991902834008097,0.657534246575342,0.406639004149378,0.320065094479274,49.1667232637068,0.275783747107566
30,"0.9","rho0_SM",0.653781460254174,0.532183954783882,0.577760114022585,0.510018274376713,0.834110791305704,0.668120818498376,1,0.769975965437414,0.822,114,13,172,481,185,0.237179487179487,0.552058111380145,0.398601398601399,0.973684210526316,0.693333333333333,0.47148288973384,0.325399355767928,50.9202123250091,0.285619338168706
31,"CSDA","None",NA,NA,NA,NA,NA,NA,NA,NA,0.592,50,2,236,492,238,0.305128205128205,0.29585798816568,0.174825174825175,0.995951417004049,0.280701754385965,0.303571428571429,0.550925491189827,105.845503603634,0.522787087892374
31,"0","rho0_1",0.532183954783882,0.410392197986577,-0.00030637254901959,0.539428887564899,0.532183954783882,0.410392197986577,-0.00030637254901959,0.539428887564899,0.812,159,31,127,463,158,0.202564102564103,0.668067226890756,0.555944055944056,0.937246963562753,0.751592356687898,0.626959247648903,0.344917251607529,57.5897827917503,0.284444721910886
31,"0.5","rho0_1",0.788713833899496,0.729981378026071,0.854423292273236,0.754922496857981,0.788713833899496,0.729981378026071,0.854423292273236,0.754922496857981,0.807,145,19,141,475,160,0.205128205128205,0.644444444444444,0.506993006993007,0.961538461538462,0.735483870967742,0.596610169491525,0.341321410582023,57.344710326782,0.283234271623238
31,"0.5","rho0_shift",0.428021449195655,0.423596429410383,0.219377648159357,0.363230226780992,0.550036964849788,0.435910787121409,0.266026059303116,0.438699565273109,0.807,139,23,147,471,170,0.217948717948718,0.620535714285714,0.486013986013986,0.953441295546559,0.727272727272727,0.564625850340136,0.346742400036512,60.9246724139067,0.300916250456288
31,"0.5","rho0_SM",0.740485898742779,0.532183954783882,0.532183954783882,0.723367237687366,0.836843550221595,0.668120818498376,0.668120818498376,0.795976832534097,0.801,154,31,132,463,163,0.208974358974359,0.653927813163482,0.538461538461538,0.937246963562753,0.751592356687898,0.605095541401274,0.342988642338674,57.6967395103415,0.284972997459107
31,"0.75","rho0_1",0.906334059177661,0.729981378026071,0.870165899128891,0.899620359050254,0.906334059177661,0.729981378026071,0.870165899128891,0.899620359050254,0.814,146,23,140,471,163,0.208974358974359,0.641758241758242,0.510489510489511,0.953441295546559,0.751592356687898,0.583892617449664,0.342262731907568,57.1619388802017,0.282331535568757
31,"0.75","rho0_shift",0.564519089574156,0.387656059683313,0.360211525842436,0.571293969849246,0.747828770444827,0.458216394304326,0.46947356404939,0.78505587169489,0.818,138,29,148,465,177,0.226923076923077,0.609271523178808,0.482517482517482,0.941295546558704,0.727272727272727,0.548494983277592,0.344362080147931,58.4756322364694,0.288820067445166
31,"0.75","rho0_SM",0.672112944162436,0.55329251530676,0.658306308191233,0.759707862466939,0.80905752753978,0.692109365631371,0.942864816691287,0.75322227877354,0.822,162,53,124,441,177,0.226923076923077,0.646706586826347,0.566433566433566,0.892712550607287,0.767295597484277,0.590643274853801,0.344729708985836,57.2923732746162,0.282975770939136
31,"0.9","rho0_1",0.906334059177661,0.729981378026071,0.982261976955731,0.857975236707939,0.906334059177661,0.729981378026071,0.982261976955731,0.857975236707939,0.796,151,25,135,469,160,0.205128205128205,0.653679653679654,0.527972027972028,0.949392712550607,0.743589743589744,0.607843137254902,0.340728983803442,56.2691121324226,0.277921728070352
31,"0.9","rho0_shift",0.694024593313693,0.475106780565937,0.609828966122136,0.705882352941177,0.856483540072678,0.702682392916653,0.875873592637288,0.822738386308069,0.819,140,24,146,470,170,0.217948717948718,0.622222222222222,0.48951048951049,0.951417004048583,0.727272727272727,0.567567567567568,0.344220511000386,58.0834273705724,0.286882907785864
31,"0.9","rho0_SM",0.580542068711204,0.532183954783882,0.577760114022585,0.606603048546176,0.852401110145496,0.668120818498376,1,0.796235287287926,0.8,159,36,127,458,163,0.208974358974359,0.661122661122661,0.555944055944056,0.927125506072874,0.775,0.604361370716511,0.344070137163166,56.6942826120078,0.28002170992421
32,"CSDA","None",NA,NA,NA,NA,NA,NA,NA,NA,0.41,53,2,233,492,235,0.301282051282051,0.310850439882698,0.185314685314685,0.995951417004049,0.295652173913043,0.31858407079646,0.464807924305895,107.945343813648,0.469605185547011
32,"0","rho0_1",0.532183954783882,0.450512008251068,-0.00030637254901959,0.532183954783882,0.532183954783882,0.450512008251068,-0.00030637254901959,0.532183954783882,0.813,104,10,182,484,192,0.246153846153846,0.52,0.363636363636364,0.979757085020243,0.537313432835821,0.511278195488722,0.326969706136329,66.8751684670207,0.290933585339809
32,"0.5","rho0_1",0.945333914776975,0.729981378026071,0.729981378026071,0.938982414418925,0.945333914776975,0.729981378026071,0.729981378026071,0.938982414418925,0.804,120,16,166,478,182,0.233333333333333,0.568720379146919,0.41958041958042,0.967611336032389,0.589928057553957,0.558303886925795,0.325329639321814,64.0244431205762,0.278531796082722
32,"0.5","rho0_shift",0.436958614051973,0.410584743899758,-0.00030637254901959,0.354792303542528,0.515088379595403,0.42823011972959,-0.00511865984178689,0.372421763869132,0.83,117,22,169,472,191,0.244871794871795,0.550588235294118,0.409090909090909,0.955465587044534,0.558823529411765,0.546712802768166,0.326630011346978,66.4133407610193,0.288924451106637
32,"0.5","rho0_SM",0.740485898742779,0.530685920577617,0.312224222015792,0.748181530676787,0.836843550221595,0.623071726156964,0.376319144797977,0.817866755152454,0.813,116,15,170,479,185,0.237179487179487,0.556354916067146,0.405594405594406,0.969635627530364,0.6,0.534296028880866,0.325283404255195,63.4465219500875,0.276017609097803
32,"0.75","rho0_1",0.865083025830258,0.611174748631793,0.854423292273236,0.800646551724138,0.865083025830258,0.611174748631793,0.854423292273236,0.800646551724138,0.827,116,16,170,478,186,0.238461538461538,0.555023923444976,0.405594405594406,0.967611336032389,0.526315789473684,0.568421052631579,0.325549186349024,63.5633894241856,0.276526029099253
32,"0.75","rho0_shift",0.646803115377649,0.306199112993976,0.306199112993976,0.35948331452523,0.733954541496125,0.436541097858298,0.436541097858298,0.474211168056148,0.816,117,10,169,484,179,0.229487179487179,0.566585956416465,0.409090909090909,0.979757085020243,0.537313432835821,0.580645161290323,0.323949253861757,63.0892610468695,0.274463382052734
32,"0.75","rho0_SM",0.679782732268048,0.532183954783882,0.465573217523296,0.415737511665602,0.815393883756957,0.668120818498376,0.70449769659743,0.806167502716198,0.839,137,25,149,469,174,0.223076923076923,0.611607142857143,0.479020979020979,0.949392712550607,0.619718309859155,0.607843137254902,0.328108560170306,61.5462986814694,0.267750881982822
32,"0.9","rho0_1",0.906334059177661,0.729981378026071,0.964046463032389,0.865083025830258,0.906334059177661,0.729981378026071,0.964046463032389,0.865083025830258,0.814,128,17,158,477,175,0.224358974358974,0.593967517401392,0.447552447552448,0.965587044534413,0.6,0.59106529209622,0.325433405244773,62.1988021705826,0.270589531722121
32,"0.9","rho0_shift",0.600930232558139,0.475106780565937,0.621317205792598,0.391163793103448,0.692410714285714,0.702682392916653,0.827382708763647,0.541427826993226,0.817,114,13,172,481,185,0.237179487179487,0.552058111380145,0.398601398601399,0.973684210526316,0.589928057553957,0.532846715328467,0.324469847284581,63.7364646189007,0.277278975044453
32,"0.9","rho0_SM",0.534514715794204,0.532183954783882,0.563577586206897,0.433461757089623,0.969623408149754,0.668120818498376,0.990014977533699,0.815393883756957,0.824,135,37,151,457,188,0.241025641025641,0.589519650655022,0.472027972027972,0.925101214574899,0.579710144927536,0.59375,0.32994909157114,62.7496969285255,0.272986143061534
33,"CSDA","None",NA,NA,NA,NA,NA,NA,NA,NA,0.55,37,0,249,494,249,0.319230769230769,0.229102167182663,0.129370629370629,1,0.295652173913043,0.192307692307692,0.586060681932801,107.365957813546,0.534133237746947
33,"0","rho0_1",0.532183954783882,0.532183954783882,0.532183954783882,0.532183954783882,0.532183954783882,0.532183954783882,0.532183954783882,0.532183954783882,0.814,131,8,155,486,163,0.208974358974359,0.616470588235294,0.458041958041958,0.983805668016194,0.710526315789474,0.564102564102564,0.342235712743329,53.9141602763476,0.268216719482198
33,"0.5","rho0_1",0.970172540381791,0.532183954783882,0.617015578270767,0.553125,0.970172540381791,0.532183954783882,0.617015578270767,0.553125,0.802,129,12,157,482,169,0.216666666666667,0.604215456674473,0.451048951048951,0.975708502024291,0.693333333333333,0.555956678700361,0.344730412778744,54.2311672942939,0.269793792777424
33,"0.5","rho0_shift",0.470535827924144,0.397557518264093,0.397557518264093,0.390981846574273,0.508775217038286,0.422082120918202,0.422082120918202,0.463698432541591,0.81,134,10,152,484,162,0.207692307692308,0.623255813953488,0.468531468531469,0.979757085020243,0.684563758389262,0.590747330960854,0.33740417728585,51.9128772054913,0.258260567382842
33,"0.5","rho0_SM",0.658306308191233,0.410392197986577,0.532183954783882,0.658306308191233,0.942864816691287,0.527236407406459,0.668120818498376,0.942864816691287,0.813,143,24,143,470,167,0.214102564102564,0.631346578366446,0.5,0.951417004048583,0.710526315789474,0.591362126245847,0.341883137352886,54.82458631482,0.272745983855761
33,"0.75","rho0_1",0.932572614107884,0.532183954783882,0.825021753317381,0.932572614107884,0.932572614107884,0.532183954783882,0.825021753317381,0.932572614107884,0.815,133,8,153,486,161,0.206410256410256,0.622950819672131,0.465034965034965,0.983805668016194,0.693333333333333,0.584837545126354,0.342985701432942,52.6903139472245,0.262128225367383
33,"0.75","rho0_shift",0.410147119483019,0.40121574197861,0.300037966382494,0.39308105687416,0.532562672222596,0.543911121141556,0.383375495692602,0.598268588022574,0.813,117,14,169,480,183,0.234615384615385,0.561151079136691,0.409090909090909,0.97165991902834,0.609929078014184,0.536231884057971,0.348257821743605,55.1228762776361,0.274229941963815
33,"0.75","rho0_SM",0.642492185621544,0.40200302783277,0.577760114022585,0.534514715794204,0.88197587245691,0.623071726156964,1,0.969623408149754,0.798,139,17,147,477,164,0.21025641025641,0.6289592760181,0.486013986013986,0.965587044534413,0.684563758389262,0.600682593856655,0.344447915376142,54.975709413863,0.273497803816519
33,"0.9","rho0_1",0.892843289371606,0.532183954783882,0.970172540381791,0.879095418352695,0.892843289371606,0.532183954783882,0.970172540381791,0.879095418352695,0.816,136,11,150,483,161,0.206410256410256,0.628175519630485,0.475524475524476,0.977732793522267,0.710526315789474,0.583629893238434,0.340019019203591,52.5704512289626,0.261531922189968
33,"0.9","rho0_shift",0.609487452281119,0.392353481682714,0.534514715794204,0.443664936158271,0.888795509799802,0.543774452942217,0.809521225359183,0.523499588928473,0.823,135,5,151,489,156,0.2,0.633802816901408,0.472027972027972,0.989878542510121,0.675675675675676,0.611510791366906,0.343451788479007,52.9901611147259,0.263619930388866
33,"0.9","rho0_SM",0.687382119954734,0.532183954783882,0.577760114022585,0.590283165244376,0.821681169360024,0.668120818498376,1,0.783209724843112,0.811,143,28,143,466,171,0.219230769230769,0.62582056892779,0.5,0.94331983805668,0.701986754966887,0.588235294117647,0.343664422183166,56.3573176297547,0.280371145094148
34,"CSDA","None",NA,NA,NA,NA,NA,NA,NA,NA,0.63,23,0,263,494,263,0.337179487179487,0.148867313915858,0.0804195804195804,1,0.201834862385321,0.12,0.664689154885718,111.975312794249,0.547591895943373
34,"0","rho0_1",0.544309828478083,0.429017071116895,0.244798948604664,0.453263831299609,0.544309828478083,0.429017071116895,0.244798948604664,0.453263831299609,0.788,105,12,181,482,193,0.247435897435897,0.521091811414392,0.367132867132867,0.975708502024291,0.629370629370629,0.461538461538462,0.402181426264344,66.6451344133365,0.325914119801184
34,"0.5","rho0_1",0.951627906976744,0.458872387659802,0.458872387659802,0.665963257199603,0.951627906976744,0.458872387659802,0.458872387659802,0.665963257199603,0.797,93,12,193,482,205,0.262820512820513,0.475703324808184,0.325174825174825,0.975708502024291,0.589928057553957,0.412698412698413,0.383949728540857,62.6549430234278,0.306400921634085
34,"0.5","rho0_shift",0.599650977775497,0.504098360655738,0.0968548340212778,0.568262328703272,0.56730409633748,0.45271629778672,0.0608973419687601,0.591618388554388,0.811,89,10,197,484,207,0.265384615384615,0.462337662337662,0.311188811188811,0.979757085020243,0.6,0.383673469387755,0.401820878661081,64.9622443764092,0.317684297325238
34,"0.5","rho0_SM",0.4871499100263,0.570389953734303,0.558960486052597,0.517764769942826,0.679964112214977,0.635360857232903,0.641513819626405,0.629977035288029,0.833,101,16,185,478,201,0.257692307692308,0.501240694789082,0.353146853146853,0.967611336032389,0.609929078014184,0.442748091603053,0.378090956928025,60.2927757874349,0.294849235793569
34,"0.75","rho0_1",0.892843289371606,0.729981378026071,0.970172540381791,0.886001948684638,0.892843289371606,0.729981378026071,0.970172540381791,0.886001948684638,0.807,102,11,184,483,195,0.25,0.511278195488722,0.356643356643357,0.977732793522267,0.619718309859155,0.45136186770428,0.381263199482736,60.434580680319,0.295542703024968
34,"0.75","rho0_shift",0.576961744007619,0.507982772871623,0.364137787490894,0.506953223767383,0.624778715652821,0.679857572333213,0.474158808677281,0.66920712968654,0.81,90,15,196,479,211,0.27051282051282,0.460358056265985,0.314685314685315,0.969635627530364,0.589928057553957,0.388888888888889,0.39653161340888,65.0409608249836,0.318069243687441
34,"0.75","rho0_SM",0.756468553861919,0.532183954783882,0.731794538361508,0.591717424407222,0.660392145479877,0.668120818498376,0.890093115554877,0.92121311599601,0.809,111,10,175,484,185,0.237179487179487,0.545454545454545,0.388111888111888,0.979757085020243,0.638888888888889,0.494296577946768,0.375852405493322,59.2869197255054,0.28993030666309
34,"0.9","rho0_1",0.843551514341111,0.729981378026071,1,0.798539844341897,0.843551514341111,0.729981378026071,1,0.798539844341897,0.836,106,7,180,487,187,0.23974358974359,0.531328320802005,0.370629370629371,0.98582995951417,0.638888888888889,0.470588235294118,0.377187589560731,59.3431966776099,0.290205517351338
34,"0.9","rho0_shift",0.583506377929398,0.40121574197861,0.428011643528885,0.606644912488876,0.760531200913894,0.543911121141556,0.598268588022574,0.805083535627588,0.811,110,9,176,485,185,0.237179487179487,0.54320987654321,0.384615384615385,0.981781376518219,0.629370629370629,0.49618320610687,0.377693602596921,61.0828825471008,0.298713087992117
34,"0.9","rho0_SM",0.580200121285628,0.745048665924168,0.527099430376177,0.473432055749129,0.870279259926547,0.853085545992101,0.964435527995623,0.927068723702665,0.826,130,17,156,477,173,0.221794871794872,0.600461893764434,0.454545454545455,0.965587044534413,0.701986754966887,0.546099290780142,0.372228294575947,55.2396547408123,0.270138001992992
35,"CSDA","None",NA,NA,NA,NA,NA,NA,NA,NA,0.557,43,0,243,494,243,0.311538461538462,0.261398176291793,0.15034965034965,1,0.265486725663717,0.259259259259259,0.631294242548982,86.4298505454941,0.476544939364842
35,"0","rho0_1",0.416823751178134,0.416823751178134,0.416823751178134,0.364667113494191,0.416823751178134,0.416823751178134,0.416823751178134,0.364667113494191,0.835,105,12,181,482,193,0.247435897435897,0.521091811414392,0.367132867132867,0.975708502024291,0.609929078014184,0.473282442748092,0.433844261260771,57.2473970718603,0.31564276918476
35,"0.5","rho0_1",0.635190122070998,0.531563335561497,0.635190122070998,0.611645881739295,0.635190122070998,0.531563335561497,0.635190122070998,0.611645881739295,0.815,117,11,169,483,180,0.230769230769231,0.565217391304348,0.409090909090909,0.977732793522267,0.569343065693431,0.563176895306859,0.390018277798042,53.6408466651665,0.295757471061174
35,"0.5","rho0_shift",0.469155170027223,0.356106088430569,0.244798948604664,0.365280289330922,0.582337556928349,0.366247018635168,0.216337466074082,0.4641162514828,0.823,118,14,168,480,182,0.233333333333333,0.564593301435407,0.412587412587413,0.97165991902834,0.579710144927536,0.557142857142857,0.391857989787637,56.1114950422191,0.309379789896663
35,"0.5","rho0_SM",0.647539656846876,0.532183954783882,0.532183954783882,0.652140672782875,0.902185771791881,0.668120818498376,0.668120818498376,0.836843550221595,0.815,114,12,172,482,184,0.235897435897436,0.553398058252427,0.398601398601399,0.975708502024291,0.589928057553957,0.534798534798535,0.38079896640059,50.0171008274145,0.275777363151394
35,"0.75","rho0_1",0.850798403193613,0.570389953734303,0.879046550094518,0.792540209024344,0.850798403193613,0.570389953734303,0.879046550094518,0.792540209024344,0.792,116,13,170,481,183,0.234615384615385,0.559036144578313,0.405594405594406,0.973684210526316,0.609929078014184,0.532846715328467,0.382239208486169,51.4777590135968,0.283830937956555
35,"0.75","rho0_shift",0.591062145557656,0.40121574197861,0.414067835192352,0.352743136232159,0.767041656592664,0.543911121141556,0.570235975066785,0.499213363564851,0.813,109,12,177,482,189,0.242307692307692,0.535626535626536,0.381118881118881,0.975708502024291,0.548148148148148,0.529411764705882,0.385468014572018,51.6577982721756,0.284823613484989
35,"0.75","rho0_SM",0.672112944162436,0.349578104716573,0.412993664914409,0.534514715794204,0.80905752753978,0.554829702605168,0.770745158394254,0.969623408149754,0.819,117,11,169,483,180,0.230769230769231,0.565217391304348,0.409090909090909,0.977732793522267,0.589928057553957,0.552727272727273,0.381360081587346,49.7121796398601,0.274096130939177
35,"0.9","rho0_1",0.906334059177661,0.745048665924168,1,0.892843289371606,0.906334059177661,0.745048665924168,1,0.892843289371606,0.823,106,7,180,487,187,0.23974358974359,0.531328320802005,0.370629370629371,0.98582995951417,0.589928057553957,0.5,0.38333742910726,51.6741888142594,0.284913985385833
35,"0.9","rho0_shift",0.594114256436531,0.335739030023095,0.544724075197089,0.544007794738551,0.856483540072678,0.474597979222997,0.931793339648765,0.83641447879447,0.819,111,7,175,487,182,0.233333333333333,0.54950495049505,0.388111888111888,0.98582995951417,0.589928057553957,0.528301886792453,0.387772020278392,50.6272860050713,0.279141717673038
35,"0.9","rho0_SM",0.55652642288587,0.55329251530676,0.556400155357044,0.47839023803799,0.887759017651573,0.692109365631371,0.984970326028312,0.88197587245691,0.82,127,10,159,484,169,0.216666666666667,0.600472813238771,0.444055944055944,0.979757085020243,0.638888888888889,0.580645161290323,0.383703724173133,50.7142069335681,0.279620970249996
36,"CSDA","None",NA,NA,NA,NA,NA,NA,NA,NA,0.514,22,0,264,494,264,0.338461538461538,0.142857142857143,0.0769230769230769,1,0.133333333333333,0.147783251231527,0.545718221246751,95.0092200269787,0.514114766569631
36,"0","rho0_1",0.516097153900211,0.21463551701991,-0.00030637254901959,0.410796766743649,0.516097153900211,0.21463551701991,-0.00030637254901959,0.410796766743649,0.797,87,6,199,488,205,0.262820512820513,0.45910290237467,0.304195804195804,0.987854251012146,0.50381679389313,0.435483870967742,0.314406427387725,52.1559576192855,0.282226798294318
36,"0.5","rho0_1",0.788161559888579,0.532183954783882,0.519492747816331,0.56509243079187,0.788161559888579,0.532183954783882,0.519492747816331,0.56509243079187,0.801,102,11,184,483,195,0.25,0.511278195488722,0.356643356643357,0.977732793522267,0.548148148148148,0.492424242424242,0.312628009484015,51.4959506330356,0.278655362410792
36,"0.5","rho0_shift",0.49058160318988,0.305918669480581,0.114878574267367,0.370010026365628,0.716042744808119,0.398647485167734,0.144151729799707,0.517344431814015,0.842,61,0,225,494,225,0.288461538461538,0.351585014409222,0.213286713286713,1,0.444444444444444,0.298642533936652,0.333383149446122,49.214423419988,0.266309541339687
36,"0.5","rho0_SM",0.571717230877357,0.532183954783882,0.532183954783882,0.480902777777778,0.622189631742529,0.668120818498376,0.668120818498376,0.674732510288066,0.822,112,21,174,473,195,0.25,0.534606205250597,0.391608391608392,0.95748987854251,0.638888888888889,0.48,0.306028960531398,52.684139057993,0.285084898560696
36,"0.75","rho0_1",0.756468553861919,0.532183954783882,0.866374687164819,0.63073703094633,0.756468553861919,0.532183954783882,0.866374687164819,0.63073703094633,0.815,103,9,183,485,192,0.246153846153846,0.517587939698492,0.36013986013986,0.981781376518219,0.6,0.472868217054264,0.308196313045778,52.1124433313822,0.281991333378792
36,"0.75","rho0_shift",0.156975138121547,0.0351292211248448,0.0351292211248448,0.156975138121547,0.155593863127047,0.0450576630807283,0.0450576630807283,0.155593863127047,0.85,74,15,212,479,227,0.291025641025641,0.394666666666667,0.258741258741259,0.969635627530364,0.515151515151515,0.329218106995885,0.318276228556011,56.3865644576759,0.305119496987659
36,"0.75","rho0_SM",0.541203458620081,0.349578104716573,0.48579950719751,0.433165690029068,0.910468319559229,0.554829702605168,0.730106593951413,0.628758370169373,0.838,109,22,177,472,199,0.255128205128205,0.522781774580336,0.381118881118881,0.955465587044534,0.638888888888889,0.461538461538462,0.313050152572167,54.5179542997571,0.295008056488776
36,"0.9","rho0_1",0.879095418352695,0.519492747816331,0.945333914776975,0.758902077151335,0.879095418352695,0.519492747816331,0.945333914776975,0.758902077151335,0.815,99,13,187,481,200,0.256410256410256,0.49748743718593,0.346153846153846,0.973684210526316,0.657534246575342,0.404761904761905,0.30954616731942,53.1308550855675,0.287502172443948
36,"0.9","rho0_shift",0.536266349583829,0.356312132959736,0.5491643454039,0.482928137289954,0.888795509799802,0.509215805010976,0.821474251093908,0.720418082498172,0.814,104,13,182,481,195,0.25,0.516129032258065,0.363636363636364,0.973684210526316,0.558823529411765,0.49438202247191,0.314145379020186,53.0607109895451,0.287122608065433
36,"0.9","rho0_SM",0.687382119954734,0.532183954783882,0.563577586206897,0.424830175187701,0.821681169360024,0.668120818498376,0.990014977533699,0.893499365092369,0.834,106,19,180,475,199,0.255128205128205,0.515815085158151,0.370629370629371,0.961538461538462,0.609929078014184,0.466666666666667,0.314693985130963,54.4920838771354,0.294868066219585
37,"CSDA","None",NA,NA,NA,NA,NA,NA,NA,NA,0.445,61,0,225,494,225,0.288461538461538,0.351585014409222,0.213286713286713,1,0.40650406504065,0.321428571428571,0.580547246553989,85.4893462934317,0.461005179375263
37,"0","rho0_1",0.410392197986577,0.410392197986577,0.244576446280992,0.410392197986577,0.410392197986577,0.410392197986577,0.244576446280992,0.410392197986577,0.828,135,18,151,476,169,0.216666666666667,0.61503416856492,0.472027972027972,0.963562753036437,0.727272727272727,0.554385964912281,0.429818737138641,53.4256596171358,0.288100293930213
37,"0.5","rho0_1",0.815878925218517,0.532183954783882,0.532183954783882,0.791552461352922,0.815878925218517,0.532183954783882,0.532183954783882,0.791552461352922,0.824,132,15,154,479,169,0.216666666666667,0.609699769053118,0.461538461538462,0.969635627530364,0.693333333333333,0.565371024734982,0.421369332702989,50.6340083430968,0.27304618775043
37,"0.5","rho0_shift",0.496598147075854,0.133227500305288,0.0261190015063482,0.43927753066451,0.614719683872561,0.1957532737731,0.0464936229167515,0.549861495844875,0.811,125,14,161,480,175,0.224358974358974,0.588235294117647,0.437062937062937,0.97165991902834,0.675675675675676,0.541516245487365,0.421426821865644,52.6081552704152,0.283691864642353
37,"0.5","rho0_SM",0.649784482758621,0.570389953734303,0.532183954783882,0.618977516059957,0.870194707938093,0.635360857232903,0.668120818498376,0.91256149965747,0.824,147,16,139,478,155,0.198717948717949,0.654788418708241,0.513986013986014,0.967611336032389,0.735483870967742,0.612244897959184,0.417336390256629,47.9947543866639,0.258813891021596
37,"0.75","rho0_1",0.932572614107884,0.638321550144017,0.845229906344251,0.906334059177661,0.932572614107884,0.638321550144017,0.845229906344251,0.906334059177661,0.826,138,13,148,481,161,0.206410256410256,0.631578947368421,0.482517482517482,0.973684210526316,0.718954248366013,0.584507042253521,0.420643303862235,48.6481828719373,0.262337533780875
37,"0.75","rho0_shift",0.464555622732769,0.456723625557207,0.428011643528885,0.445476936856247,0.560471867994561,0.5254175412978,0.598268588022574,0.495698865815572,0.823,130,18,156,476,174,0.223076923076923,0.599078341013825,0.454545454545455,0.963562753036437,0.701986754966887,0.54416961130742,0.416798349787664,48.7898042836787,0.263101233670439
37,"0.75","rho0_SM",0.657222023596711,0.532183954783882,0.657222023596711,0.572876900932474,0.893499365092369,0.668120818498376,0.893499365092369,0.827919952176265,0.809,143,13,143,481,156,0.2,0.647058823529412,0.5,0.973684210526316,0.718954248366013,0.608996539792388,0.417126075139902,47.0112906248841,0.253510518056827
37,"0.9","rho0_1",0.932572614107884,0.729981378026071,1,0.828843427182499,0.932572614107884,0.729981378026071,1,0.828843427182499,0.829,138,16,148,478,164,0.21025641025641,0.627272727272727,0.482517482517482,0.967611336032389,0.718954248366013,0.578397212543554,0.416048608674306,46.7615462627542,0.252163760250696
37,"0.9","rho0_shift",0.577357047236565,0.392353481682714,0.390054472721083,0.571293969849246,0.863057616561326,0.543774452942217,0.600973032792876,0.78505587169489,0.825,131,17,155,477,172,0.220512820512821,0.603686635944701,0.458041958041958,0.965587044534413,0.718954248366013,0.540925266903915,0.419800130473245,51.5631028506884,0.278056372044725
37,"0.9","rho0_SM",0.635029885890237,0.745048665924168,0.657222023596711,0.596709470304976,0.876149449092867,0.853085545992101,0.893499365092369,0.846350832266325,0.804,151,15,135,479,150,0.192307692307692,0.668141592920354,0.527972027972028,0.969635627530364,0.759493670886076,0.619047619047619,0.416944883514407,46.2398130586906,0.249350290271644
38,"CSDA","None",NA,NA,NA,NA,NA,NA,NA,NA,0.503,62,1,224,493,225,0.288461538461538,0.355300859598854,0.216783216783217,0.997975708502024,0.366666666666667,0.349344978165939,0.59901361169959,100.10037631522,0.498395382830342
38,"0","rho0_1",0.586953702502918,0.450512008251068,0.182841803517637,0.56459874786568,0.586953702502918,0.450512008251068,0.182841803517637,0.56459874786568,0.829,126,23,160,471,183,0.234615384615385,0.579310344827586,0.440559440559441,0.953441295546559,0.638888888888889,0.549828178694158,0.438739583956939,63.5687002383411,0.316505770083683
38,"0.5","rho0_1",0.970172540381791,0.711727989487516,1,0.906334059177661,0.970172540381791,0.711727989487516,1,0.906334059177661,0.823,144,26,142,468,168,0.215384615384615,0.631578947368421,0.503496503496504,0.947368421052632,0.666666666666667,0.614886731391586,0.442614297771123,63.1787033202208,0.314563992535344
38,"0.5","rho0_shift",0.541404730677039,0.318455971049457,0.0968548340212778,0.511289432539318,0.616065305400084,0.313137372525495,0.0608973419687601,0.588048229596251,0.826,129,29,157,465,186,0.238461538461538,0.581081081081081,0.451048951048951,0.941295546558704,0.657534246575342,0.543624161073825,0.446130040988016,61.7023457078442,0.307213272742864
38,"0.5","rho0_SM",0.665945854864076,0.610847487693468,0.731794538361508,0.655345877746356,0.84811704074877,0.756888682275378,0.890093115554877,0.891668034494514,0.834,141,25,145,469,170,0.217948717948718,0.623893805309734,0.493006993006993,0.949392712550607,0.657534246575342,0.607843137254902,0.441777835790414,63.0177850374185,0.313762787463855
38,"0.75","rho0_1",1,0.729981378026071,1,0.932572614107884,1,0.729981378026071,1,0.932572614107884,0.837,139,23,147,471,170,0.217948717948718,0.620535714285714,0.486013986013986,0.953441295546559,0.657534246575342,0.602649006622517,0.439861391537168,62.4729097900078,0.311049877507624
38,"0.75","rho0_shift",0.580893346623474,0.35340178179058,0.366204986149585,0.434893658824107,0.790187844643364,0.482433202917642,0.484268125854993,0.594206711794676,0.828,121,24,165,470,189,0.242307692307692,0.561484918793503,0.423076923076923,0.951417004048583,0.648275862068965,0.517482517482518,0.438034339259064,63.8401189715823,0.317857152050871
38,"0.75","rho0_SM",0.610743653914909,0.544613350958361,0.577760114022585,0.591537494763301,0.893499365092369,0.750078789788843,1,0.887759017651573,0.844,143,24,143,470,167,0.214102564102564,0.631346578366446,0.5,0.951417004048583,0.657534246575342,0.618892508143323,0.440836387492194,59.727514692781,0.297380675743646
38,"0.9","rho0_1",0.938982414418925,0.704600540691713,1,0.872122762148338,0.938982414418925,0.704600540691713,1,0.872122762148338,0.835,152,27,134,467,161,0.206410256410256,0.653763440860215,0.531468531468531,0.945344129554656,0.727272727272727,0.617363344051447,0.439543445791323,59.667115456205,0.297079950594111
38,"0.9","rho0_shift",0.606603048546176,0.393063583815029,0.393063583815029,0.569340695030854,0.748846195127187,0.608425949857844,0.608425949857844,0.83641447879447,0.825,145,25,141,469,166,0.212820512820513,0.635964912280702,0.506993006993007,0.949392712550607,0.675675675675676,0.616883116883117,0.437881414008316,59.5459938579689,0.296476891469419
38,"0.9","rho0_SM",0.579542769376182,0.55329251530676,0.577760114022585,0.519622833843017,0.904853553082772,0.692109365631371,1,0.959210887555399,0.816,175,129,111,365,240,0.307692307692308,0.593220338983051,0.611888111888112,0.738866396761134,0.759493670886076,0.532407407407407,0.448284378788968,65.3217186940604,0.325233972079604
39,"CSDA","None",NA,NA,NA,NA,NA,NA,NA,NA,0.536,52,0,234,494,234,0.3,0.307692307692308,0.181818181818182,1,0.352941176470588,0.28310502283105,0.67988794576463,103.866009125561,0.522107483766433
39,"0","rho0_1",0.591993929918146,0.434200673904905,0.434200673904905,0.447420519389775,0.591993929918146,0.434200673904905,0.434200673904905,0.447420519389775,0.834,142,17,144,477,161,0.206410256410256,0.638202247191011,0.496503496503497,0.965587044534413,0.775,0.56140350877193,0.43630538411483,60.4010094604036,0.303620205799965
39,"0.5","rho0_1",0.655189351146913,0.570389953734303,0.611174748631793,0.618242056121681,0.655189351146913,0.570389953734303,0.611174748631793,0.618242056121681,0.819,143,28,143,466,171,0.219230769230769,0.62582056892779,0.5,0.94331983805668,0.790123456790123,0.535593220338983,0.422893390842091,58.5054206751437,0.294091572715281
39,"0.5","rho0_shift",0.601376252447311,0.484467944481163,0.142953245879583,0.503053324998798,0.610059574231715,0.457105859501457,0.180773779354621,0.483425543885971,0.828,128,24,158,470,182,0.233333333333333,0.584474885844749,0.447552447552448,0.951417004048583,0.727272727272727,0.507042253521127,0.423814184261451,58.1332478271131,0.292220756354401
39,"0.5","rho0_SM",0.591993929918146,0.609378556794901,0.530685920577617,0.518806899856253,0.642619481383704,0.633109861591695,0.623071726156964,0.682406831420008,0.821,128,17,158,477,175,0.224358974358974,0.593967517401392,0.447552447552448,0.965587044534413,0.735483870967742,0.514492753623188,0.420490908848674,56.3656372946334,0.283335436747325
39,"0.75","rho0_1",0.945333914776975,0.570389953734303,0.800646551724138,0.899620359050254,0.945333914776975,0.570389953734303,0.800646551724138,0.899620359050254,0.812,138,28,148,466,176,0.225641025641026,0.610619469026549,0.482517482517482,0.94331983805668,0.751592356687898,0.535593220338983,0.419978716774754,57.4122971287375,0.288596724217058
39,"0.75","rho0_shift",0.564519089574156,0.4356394707828,0.226993375369144,0.535689719032753,0.747828770444827,0.425252809261109,0.281724977061475,0.714831823896144,0.799,136,26,150,468,176,0.225641025641026,0.607142857142857,0.475524475524476,0.947368421052632,0.782608695652174,0.508710801393728,0.419462304949134,57.1550254355422,0.287303486154776
39,"0.75","rho0_SM",0.579542769376182,0.532183954783882,0.532183954783882,0.541869441181406,0.904853553082772,0.668120818498376,0.668120818498376,0.974774914622788,0.823,150,19,136,475,155,0.198717948717949,0.659340659340659,0.524475524475524,0.961538461538462,0.782608695652174,0.591836734693878,0.417287138221758,54.7295720256226,0.275111361055265
39,"0.9","rho0_1",0.865083025830258,0.729981378026071,1,0.821380105848826,0.865083025830258,0.729981378026071,1,0.821380105848826,0.816,133,24,153,470,177,0.226923076923077,0.600451467268623,0.465034965034965,0.951417004048583,0.743589743589744,0.522648083623693,0.417624427909485,56.6812021041239,0.284921699183279
39,"0.9","rho0_shift",0.594673595323157,0.565754698512138,0.568938293437756,0.678529868114818,0.83641447879447,0.804760599306292,0.876036810558818,0.843162730267737,0.815,137,22,149,472,171,0.219230769230769,0.615730337078652,0.479020979020979,0.955465587044534,0.782608695652174,0.52112676056338,0.418542658728688,56.1480021715703,0.282241441440889
39,"0.9","rho0_SM",0.665923196276183,0.532183954783882,0.577760114022585,0.487387759924386,0.783209724843112,0.668120818498376,1,0.904853553082772,0.823,154,21,132,473,153,0.196153846153846,0.668112798264642,0.538461538461538,0.95748987854251,0.790123456790123,0.602006688963211,0.417268368019631,56.0225995111256,0.281611074797811
40,"CSDA","None",NA,NA,NA,NA,NA,NA,NA,NA,0.505,17,0,269,494,269,0.344871794871795,0.112211221122112,0.0594405594405594,1,0.133333333333333,0.101010101010101,0.573480278246293,106.78885213323,0.554167372284429
40,"0","rho0_1",0.544991727122311,0.544991727122311,0.416823751178134,0.544991727122311,0.544991727122311,0.544991727122311,0.416823751178134,0.544991727122311,0.822,83,3,203,491,206,0.264102564102564,0.446236559139785,0.29020979020979,0.993927125506073,0.456692913385827,0.440816326530612,0.315052232093754,61.0178715726721,0.316644601719569
40,"0.5","rho0_1",0.932572614107884,0.729981378026071,0.662550862915673,0.863092563468883,0.932572614107884,0.729981378026071,0.662550862915673,0.863092563468883,0.82,74,2,212,492,214,0.274358974358974,0.408839779005525,0.258741258741259,0.995951417004049,0.46875,0.376068376068376,0.327152591764377,69.1327201431347,0.358755591948857
40,"0.5","rho0_shift",0.461254530987534,0.0968548340212778,0.0968548340212778,0.388132025261151,0.594748178856333,0.0608973419687601,0.0608973419687601,0.500547452391194,0.823,69,1,217,493,218,0.279487179487179,0.387640449438202,0.241258741258741,0.997975708502024,0.548148148148148,0.289592760180996,0.32987932164382,64.5150423500601,0.334792731429936
40,"0.5","rho0_SM",0.665945854864076,0.447420519389775,0.532183954783882,0.542890262751159,0.84811704074877,0.491329805202117,0.668120818498376,0.718055304536418,0.832,79,3,207,491,210,0.269230769230769,0.429347826086957,0.276223776223776,0.993927125506073,0.569343065693431,0.346320346320346,0.304421289035452,58.3199940191552,0.302644304078834
40,"0.75","rho0_1",0.892843289371606,0.579982768523837,0.825021753317381,0.806229440789474,0.892843289371606,0.579982768523837,0.825021753317381,0.806229440789474,0.827,82,4,204,490,208,0.266666666666667,0.440860215053763,0.286713286713287,0.991902834008097,0.537313432835821,0.38655462184874,0.307239039463817,60.0699360320078,0.311725408965164
40,"0.75","rho0_shift",0.577046397585817,0.407588554684133,0.520355403845189,0.503548020150588,0.882443369353891,0.538515176807429,0.833365887006202,0.718710658833403,0.818,63,2,223,492,225,0.288461538461538,0.358974358974359,0.22027972027972,0.995951417004049,0.456692913385827,0.303571428571429,0.318606039998938,63.8031321000745,0.331098362358109
40,"0.75","rho0_SM",0.627501516070346,0.55329251530676,0.577760114022585,0.596709470304976,0.870279259926547,0.692109365631371,1,0.846350832266325,0.829,96,4,190,490,194,0.248717948717949,0.49740932642487,0.335664335664336,0.991902834008097,0.6,0.439024390243902,0.305527615401453,57.4929065843727,0.298352237433048
40,"0.9","rho0_1",0.843551514341111,0.704600540691713,0.857975236707939,0.56738768718802,0.843551514341111,0.704600540691713,0.857975236707939,0.56738768718802,0.837,88,3,198,491,201,0.257692307692308,0.46684350132626,0.307692307692308,0.993927125506073,0.526315789473684,0.434426229508197,0.307469329587205,60.0194989522679,0.311463672057362
40,"0.9","rho0_shift",0.594114256436531,0.4871499100263,0.678529868114818,0.485450414131789,0.856483540072678,0.740609640618659,0.843162730267737,0.654555559415054,0.837,86,4,200,490,204,0.261538461538462,0.457446808510638,0.300699300699301,0.991902834008097,0.569343065693431,0.393305439330544,0.30550264741219,58.6660256994513,0.304439992141457
40,"0.9","rho0_SM",0.665923196276183,0.349578104716573,0.600409836065574,0.424212598425197,0.783209724843112,0.554829702605168,0.728974362848035,0.609098404384306,0.828,105,4,181,490,185,0.237179487179487,0.531645569620253,0.367132867132867,0.991902834008097,0.619718309859155,0.482213438735178,0.302843458453987,56.5593923300664,0.293507882137857
41,"CSDA","None",NA,NA,NA,NA,NA,NA,NA,NA,0.522,62,3,224,491,227,0.291025641025641,0.353276353276353,0.216783216783217,0.993927125506073,0.295652173913043,0.38135593220339,0.519378060595398,89.9832286276704,0.433211897219332
41,"0","rho0_1",0.544991727122311,0.244798948604664,0.00495512494462402,0.411732635481409,0.544991727122311,0.244798948604664,0.00495512494462402,0.411732635481409,0.825,139,27,147,467,174,0.223076923076923,0.615044247787611,0.486013986013986,0.945344129554656,0.638888888888889,0.603896103896104,0.358353884150895,56.1076863141513,0.270122750732976
41,"0.5","rho0_1",0.800646551724138,0.570389953734303,0.530685920577617,0.64305150150893,0.800646551724138,0.570389953734303,0.530685920577617,0.64305150150893,0.812,138,18,148,476,166,0.212820512820513,0.624434389140271,0.482517482517482,0.963562753036437,0.666666666666667,0.603389830508475,0.354978859209644,51.3321908078478,0.247131783416074
41,"0.5","rho0_shift",0.37078322088589,0.254777070063694,0.254777070063694,0.37078322088589,0.506471326570506,0.346284566661517,0.346284566661517,0.506471326570506,0.832,133,29,153,465,182,0.233333333333333,0.59375,0.465034965034965,0.941295546558704,0.666666666666667,0.558139534883721,0.358017799148986,54.73902002834,0.263533494852974
41,"0.5","rho0_SM",0.702373536007974,0.532183954783882,0.532183954783882,0.452954319761668,0.834110791305704,0.668120818498376,0.668120818498376,0.790677323376699,0.839,155,30,131,464,161,0.206410256410256,0.658174097664543,0.541958041958042,0.939271255060729,0.710526315789474,0.633228840125392,0.357044645141105,52.820045660098,0.254294856281544
41,"0.75","rho0_1",0.906334059177661,0.729981378026071,1,0.872122762148338,0.906334059177661,0.729981378026071,1,0.872122762148338,0.823,145,22,141,472,163,0.208974358974359,0.640176600441501,0.506993006993007,0.955465587044534,0.710526315789474,0.604651162790698,0.358157036992205,52.7718953262153,0.254063043111343
41,"0.75","rho0_shift",0.461769405839911,0.360573752473071,0.0265361693382655,0.390054472721083,0.645646992188422,0.519995656069286,0.051402900582973,0.600973032792876,0.827,133,19,153,475,172,0.220512820512821,0.607305936073059,0.465034965034965,0.961538461538462,0.638888888888889,0.591836734693878,0.356975196295892,53.4622386810804,0.257386606391467
41,"0.75","rho0_SM",0.842416602017067,0.662550862915673,0.467148884870404,0.699912891986063,0.646289551059815,0.641575870316237,0.65650406504065,0.802043678621519,0.821,154,25,132,469,157,0.201282051282051,0.662365591397849,0.538461538461538,0.949392712550607,0.710526315789474,0.638977635782748,0.358027776844827,54.5708879780573,0.262724046185737
41,"0.9","rho0_1",0.970172540381791,0.729981378026071,1,0.899620359050254,0.970172540381791,0.729981378026071,1,0.899620359050254,0.825,147,22,139,472,161,0.206410256410256,0.646153846153846,0.513986013986014,0.955465587044534,0.701986754966887,0.618421052631579,0.357562800890731,51.622271185306,0.24852833555786
41,"0.9","rho0_shift",0.569340695030854,0.475106780565937,0.59014741448808,0.521285205568145,0.83641447879447,0.702682392916653,1,0.724846156861208,0.824,137,24,149,470,173,0.221794871794872,0.612975391498881,0.479020979020979,0.951417004048583,0.638888888888889,0.600660066006601,0.356910253125608,52.6289279255343,0.253374746193861
41,"0.9","rho0_SM",0.613824971708789,0.349578104716573,0.577760114022585,0.531002899314707,0.821681169360024,0.554829702605168,1,0.756528977213609,0.831,160,41,126,453,167,0.214102564102564,0.657084188911704,0.559440559440559,0.917004048582996,0.701986754966887,0.636904761904762,0.358772627316584,53.9367173797608,0.259670918928151
42,"CSDA","None",NA,NA,NA,NA,NA,NA,NA,NA,0.452,35,0,251,494,251,0.321794871794872,0.218068535825545,0.122377622377622,1,0.201834862385321,0.226415094339623,0.551965228408177,103.770623134101,0.543832843609211
42,"0","rho0_1",0.450512008251068,0.450512008251068,0.450512008251068,0.444866198519643,0.450512008251068,0.450512008251068,0.450512008251068,0.444866198519643,0.815,108,12,178,482,190,0.243589743589744,0.532019704433498,0.377622377622378,0.975708502024291,0.609929078014184,0.490566037735849,0.329159044653434,58.6934324024048,0.307595880997418
42,"0.5","rho0_1",0.68972950777601,0.609378556794901,0.609378556794901,0.68353941267388,0.68972950777601,0.609378556794901,0.609378556794901,0.68353941267388,0.814,103,17,183,477,200,0.256410256410256,0.507389162561576,0.36013986013986,0.965587044534413,0.589928057553957,0.464419475655431,0.33663293763102,61.8440321531527,0.324107294052243
42,"0.5","rho0_shift",0.431277607883112,0.360273327049953,0.219377648159357,0.451160430028146,0.690742791517985,0.461977407709328,0.266026059303116,0.582337556928349,0.829,86,8,200,486,208,0.266666666666667,0.452631578947368,0.300699300699301,0.983805668016194,0.579710144927536,0.380165289256198,0.357542357064784,62.6273168719491,0.328212270423332
42,"0.5","rho0_SM",0.658306308191233,0.532183954783882,0.532183954783882,0.638869781469919,0.942864816691287,0.668120818498376,0.668120818498376,0.927865052159116,0.819,121,14,165,480,179,0.229487179487179,0.574821852731591,0.423076923076923,0.97165991902834,0.693333333333333,0.509225092250922,0.335492000587713,57.3226477492525,0.30041198161063
42,"0.75","rho0_1",0.951627906976744,0.729981378026071,0.854423292273236,0.926103707446473,0.951627906976744,0.729981378026071,0.854423292273236,0.926103707446473,0.817,107,6,179,488,185,0.237179487179487,0.536340852130326,0.374125874125874,0.987854251012146,0.638888888888889,0.47843137254902,0.33322559382689,59.2310811755113,0.31041354800481
42,"0.75","rho0_shift",0.56036784336992,0.461104513064133,0.407660332541568,0.48409968781417,0.760531200913894,0.625489911453041,0.564523152852373,0.634784616568746,0.796,100,6,186,488,192,0.246153846153846,0.510204081632653,0.34965034965035,0.987854251012146,0.619718309859155,0.448,0.335659282086635,60.2774982143676,0.315897527349397
42,"0.75","rho0_SM",0.43983238456673,0.570389953734303,0.462745567800671,0.415737511665602,0.779522914131918,0.635360857232903,0.841203415710004,0.806167502716198,0.84,125,32,161,462,193,0.247435897435897,0.564334085778781,0.437062937062937,0.935222672064777,0.657534246575342,0.518518518518518,0.333432671543534,58.0522119274165,0.304235423637123
42,"0.9","rho0_1",0.843551514341111,0.611174748631793,0.806813803731631,0.806229440789474,0.843551514341111,0.611174748631793,0.806813803731631,0.806229440789474,0.824,105,9,181,485,190,0.243589743589744,0.525,0.367132867132867,0.981781376518219,0.609929078014184,0.478764478764479,0.334561073724577,60.1026312594513,0.314981098494359
42,"0.9","rho0_shift",0.477911646586345,0.459407681211684,0.390054472721083,0.430811853757483,0.720161216451406,0.578559693016794,0.600973032792876,0.506911665542819,0.834,96,9,190,485,199,0.255128205128205,0.491048593350384,0.335664335664336,0.981781376518219,0.6,0.430278884462151,0.33343178161647,58.8990041011125,0.308673224836139
42,"0.9","rho0_SM",0.612243024963289,0.532183954783882,0.577760114022585,0.455342643715492,0.858405596749194,0.668120818498376,1,0.776619180496402,0.818,123,21,163,473,184,0.235897435897436,0.572093023255814,0.43006993006993,0.95748987854251,0.666666666666667,0.522968197879859,0.331485119457895,55.6934108302496,0.291873606106905
43,"CSDA","None",NA,NA,NA,NA,NA,NA,NA,NA,0.511,30,1,256,493,257,0.329487179487179,0.189274447949527,0.104895104895105,0.997975708502024,0.0970873786407767,0.233644859813084,0.598615492835012,107.882991207238,0.572100779326946
43,"0","rho0_1",0.61679681439727,0.402500761266748,0.214179861165276,0.489777817198102,0.61679681439727,0.402500761266748,0.214179861165276,0.489777817198102,0.84,86,10,200,484,210,0.269230769230769,0.450261780104712,0.300699300699301,0.979757085020243,0.526315789473684,0.409638554216867,0.383044754336631,67.4850779948253,0.357871665234185
43,"0.5","rho0_1",0.836233539371137,0.729981378026071,1,0.912985274431058,0.836233539371137,0.729981378026071,1,0.912985274431058,0.811,113,13,173,481,186,0.238461538461538,0.548543689320388,0.395104895104895,0.973684210526316,0.6,0.522058823529412,0.363151930607075,59.8309650586404,0.317282097528965
43,"0.5","rho0_shift",0.590283165244376,0.405802861685215,0.226993375369144,0.452081442095707,0.758711892719595,0.417383266575166,0.281724977061475,0.574326042726348,0.819,100,11,186,483,197,0.252564102564103,0.503778337531486,0.34965034965035,0.977732793522267,0.558823529411765,0.475095785440613,0.366793677028325,61.2325259548666,0.324714539585238
43,"0.5","rho0_SM",0.800836847654191,0.504560789703861,0.532183954783882,0.618977516059957,0.663778111390222,0.676519966422832,0.668120818498376,0.951423055365261,0.82,114,12,172,482,184,0.235897435897436,0.553398058252427,0.398601398601399,0.975708502024291,0.619718309859155,0.518518518518518,0.364720567466413,57.4827510355502,0.304829577835145
43,"0.75","rho0_1",0.899620359050254,0.745048665924168,1,0.906334059177661,0.899620359050254,0.745048665924168,1,0.906334059177661,0.83,122,9,164,485,173,0.221794871794872,0.585131894484412,0.426573426573427,0.981781376518219,0.629370629370629,0.562043795620438,0.361573206268566,56.827319787498,0.301353842470285
43,"0.75","rho0_shift",0.556701370585134,0.513727043907896,0.59014741448808,0.449022839651519,0.815808945073283,0.75141988868528,1,0.60108033559361,0.827,102,13,184,481,197,0.252564102564103,0.508728179551122,0.356643356643357,0.973684210526316,0.619718309859155,0.447876447876448,0.36445459168917,58.8267347847871,0.311956689734223
43,"0.75","rho0_SM",0.642492185621544,0.504098360655738,0.563577586206897,0.580893346623474,0.88197587245691,0.701375245579568,0.990014977533699,0.834110791305704,0.813,121,15,165,479,180,0.230769230769231,0.57345971563981,0.423076923076923,0.969635627530364,0.6,0.560283687943262,0.360606943605095,55.9410686759394,0.296654075195311
43,"0.9","rho0_1",0.843551514341111,0.729981378026071,1,0.813842482100239,0.843551514341111,0.729981378026071,1,0.813842482100239,0.828,116,12,170,482,182,0.233333333333333,0.560386473429952,0.405594405594406,0.975708502024291,0.619718309859155,0.529411764705882,0.36332104956362,55.6109916070262,0.294903684830249
43,"0.9","rho0_shift",0.560755076142132,0.393063583815029,0.59014741448808,0.611885129371624,0.869575131108915,0.608425949857844,1,0.823359868240461,0.819,108,13,178,481,191,0.244871794871795,0.530712530712531,0.377622377622378,0.973684210526316,0.6,0.49438202247191,0.367587733544626,61.1261101461101,0.324150219237415
43,"0.9","rho0_SM",0.635029885890237,0.745048665924168,0.519622833843017,0.523196705488707,0.876149449092867,0.853085545992101,0.959210887555399,0.789748222403544,0.839,145,36,141,458,177,0.226923076923077,0.620985010706638,0.506993006993007,0.927125506072874,0.675675675675676,0.595611285266458,0.366946209264331,56.1038829034683,0.297517474934348
44,"CSDA","None",NA,NA,NA,NA,NA,NA,NA,NA,0.419,39,0,247,494,247,0.316666666666667,0.24,0.136363636363636,1,0.265486725663717,0.226415094339623,0.560914494673181,118.407768416106,0.53867148650897
44,"0","rho0_1",0.411732635481409,0.411732635481409,0.411732635481409,0.411732635481409,0.411732635481409,0.411732635481409,0.411732635481409,0.411732635481409,0.83,122,33,164,461,197,0.252564102564103,0.55328798185941,0.426573426573427,0.933198380566802,0.619718309859155,0.521739130434783,0.352319138263968,68.3246616351869,0.310828820951264
44,"0.5","rho0_1",0.800646551724138,0.532183954783882,0.617015578270767,0.593555342597029,0.800646551724138,0.532183954783882,0.617015578270767,0.593555342597029,0.819,104,11,182,483,193,0.247435897435897,0.518703241895262,0.363636363636364,0.977732793522267,0.589928057553957,0.480916030534351,0.322736327942514,66.5657378213826,0.302826963318846
44,"0.5","rho0_shift",0.592162474544554,0.381676795892945,0.0261190015063482,0.390054472721083,0.787151908844045,0.451604492205688,0.0464936229167515,0.600973032792876,0.812,103,10,183,484,193,0.247435897435897,0.516290726817043,0.36013986013986,0.979757085020243,0.579710144927536,0.482758620689655,0.324657019069196,67.4318995317449,0.30676738566038
44,"0.5","rho0_SM",0.556343683083512,0.532183954783882,0.532183954783882,0.429407461594733,0.679392165410724,0.668120818498376,0.668120818498376,0.816333563059959,0.835,115,6,171,488,177,0.226923076923077,0.565110565110565,0.402097902097902,0.987854251012146,0.589928057553957,0.552238805970149,0.320670589780357,64.0473985266058,0.29137030308787
44,"0.75","rho0_1",0.932572614107884,0.532183954783882,0.617015578270767,0.781037659795002,0.932572614107884,0.532183954783882,0.617015578270767,0.781037659795002,0.831,107,8,179,486,187,0.23974358974359,0.533665835411471,0.374125874125874,0.983805668016194,0.569343065693431,0.515151515151515,0.322696752697729,65.8365330827186,0.299509598201676
44,"0.75","rho0_shift",0.433589870903674,0.330193905817175,0.319321177912288,0.373841074578264,0.585331963994442,0.477154582763338,0.467291261779913,0.581554321615822,0.826,104,18,182,476,200,0.256410256410256,0.509803921568627,0.363636363636364,0.963562753036437,0.589928057553957,0.468401486988848,0.333377929658066,66.1353916640803,0.300869193086636
44,"0.75","rho0_SM",0.468799146259268,0.40200302783277,0.436169695791622,0.353621169916435,0.605104305946802,0.623071726156964,0.821369273224857,0.617918143731872,0.82,120,22,166,472,188,0.241025641025641,0.560747663551402,0.41958041958042,0.955465587044534,0.609929078014184,0.536585365853659,0.325667597001534,67.8188357412189,0.308527671374143
44,"0.9","rho0_1",0.850798403193613,0.532183954783882,0.970172540381791,0.734122712594187,0.850798403193613,0.532183954783882,0.970172540381791,0.734122712594187,0.797,118,9,168,485,177,0.226923076923077,0.571428571428571,0.412587412587413,0.981781376518219,0.6,0.556776556776557,0.320813032210126,65.0076161650986,0.295738613289287
44,"0.9","rho0_shift",0.504186046511628,0.382731475696614,0.422834902582269,0.411913723219456,0.727232142857143,0.517306984165951,0.618251971909537,0.559679638711498,0.819,104,13,182,481,195,0.25,0.516129032258065,0.363636363636364,0.973684210526316,0.569343065693431,0.488721804511278,0.326975360542665,65.8784133372531,0.299700123699008
44,"0.9","rho0_SM",0.527099430376177,0.55329251530676,0.556400155357044,0.47839023803799,0.964435527995623,0.692109365631371,0.984970326028312,0.88197587245691,0.85,141,73,145,421,218,0.279487179487179,0.564,0.493006993006993,0.852226720647773,0.657534246575342,0.525423728813559,0.328229473625198,65.3124926039683,0.297125585163888
45,"CSDA","None",NA,NA,NA,NA,NA,NA,NA,NA,0.326,42,1,244,493,245,0.314102564102564,0.25531914893617,0.146853146853147,0.997975708502024,0.185185185185185,0.289592760180996,0.586801399317553,94.6139039074597,0.490446444999685
45,"0","rho0_1",0.532183954783882,0.532183954783882,0.450512008251068,0.532183954783882,0.532183954783882,0.532183954783882,0.450512008251068,0.532183954783882,0.819,146,18,140,476,158,0.202564102564103,0.648888888888889,0.510489510489511,0.963562753036437,0.718954248366013,0.612794612794613,0.344477317517925,56.5050416553784,0.29290300537165
45,"0.5","rho0_1",0.825021753317381,0.532183954783882,0.532183954783882,0.825021753317381,0.825021753317381,0.532183954783882,0.532183954783882,0.825021753317381,0.825,136,19,150,475,169,0.216666666666667,0.616780045351474,0.475524475524476,0.961538461538462,0.657534246575342,0.596610169491525,0.346708458163773,57.1069559153011,0.296023125108623
45,"0.5","rho0_shift",0.487826603325416,0.450512008251068,0.182841803517637,0.384286775631501,0.520975468137611,0.389810157095686,0.164297585058654,0.485869003072617,0.839,113,10,173,484,183,0.234615384615385,0.552567237163814,0.395104895104895,0.979757085020243,0.629370629370629,0.511278195488722,0.347252132355468,55.1701019448619,0.285983129874788
45,"0.5","rho0_SM",0.658306308191233,0.532183954783882,0.465573217523296,0.577760114022585,0.942864816691287,0.668120818498376,0.70449769659743,1,0.823,145,21,141,473,162,0.207692307692308,0.641592920353982,0.506993006993007,0.95748987854251,0.759493670886076,0.578231292517007,0.348527337771095,55.8233828705932,0.289369517016411
45,"0.75","rho0_1",0.970172540381791,0.532183954783882,0.815878925218517,0.912985274431058,0.970172540381791,0.532183954783882,0.815878925218517,0.912985274431058,0.827,136,23,150,471,173,0.221794871794872,0.61123595505618,0.475524475524476,0.953441295546559,0.710526315789474,0.559726962457338,0.349241008656924,57.4558880179451,0.2978318709929
45,"0.75","rho0_shift",0.605331637078587,0.356312132959736,0.356312132959736,0.428011643528885,0.798823332589784,0.509215805010976,0.509215805010976,0.598268588022574,0.804,129,17,157,477,174,0.223076923076923,0.597222222222222,0.451048951048951,0.965587044534413,0.666666666666667,0.56140350877193,0.348516535006008,55.7189807698467,0.288828331872928
45,"0.75","rho0_SM",0.527099430376177,0.532183954783882,0.577760114022585,0.489087872855004,0.964435527995623,0.668120818498376,1,0.937936796318644,0.824,145,26,141,468,167,0.214102564102564,0.634573304157549,0.506993006993007,0.947368421052632,0.718954248366013,0.592105263157895,0.348665871031034,58.395423549547,0.302702105095868
45,"0.9","rho0_1",0.722560975609756,0.532183954783882,0.617015578270767,0.522486461031316,0.722560975609756,0.532183954783882,0.617015578270767,0.522486461031316,0.817,129,26,157,468,183,0.234615384615385,0.585034013605442,0.451048951048951,0.947368421052632,0.693333333333333,0.529209621993127,0.348532626468763,56.994224447379,0.295438763345725
45,"0.9","rho0_shift",0.56036784336992,0.393063583815029,0.582087868704529,0.446118820468344,0.760531200913894,0.608425949857844,0.835344428404107,0.577190838071956,0.826,103,7,183,487,190,0.243589743589744,0.52020202020202,0.36013986013986,0.98582995951417,0.648275862068965,0.446215139442231,0.350943093390486,55.144139284008,0.285848548230942
45,"0.9","rho0_SM",0.627501516070346,0.430215218442689,0.577760114022585,0.512084162638612,0.870279259926547,0.659385340954303,1,0.953949094725794,0.839,147,46,139,448,185,0.237179487179487,0.613778705636743,0.513986013986014,0.906882591093117,0.743589743589744,0.551083591331269,0.353218335182756,58.90128048898,0.305324296204967
46,"CSDA","None",NA,NA,NA,NA,NA,NA,NA,NA,0.278,36,2,250,492,252,0.323076923076923,0.222222222222222,0.125874125874126,0.995951417004049,0.234234234234234,0.215962441314554,0.570272210471819,100.306339641396,0.52379850828021
46,"0","rho0_1",0.532183954783882,0.450512008251068,-0.00030637254901959,0.410392197986577,0.532183954783882,0.450512008251068,-0.00030637254901959,0.410392197986577,0.813,99,15,187,479,202,0.258974358974359,0.495,0.346153846153846,0.969635627530364,0.6,0.438461538461538,0.380899903751418,60.3694848259689,0.315248729148495
46,"0.5","rho0_1",0.244425657825214,0.26809480102275,0.248113457337658,0.244425657825214,0.244425657825214,0.26809480102275,0.248113457337658,0.244425657825214,0.847,116,29,170,465,199,0.255128205128205,0.538283062645012,0.405594405594406,0.941295546558704,0.648275862068965,0.482517482517482,0.381336486769532,60.6982850507076,0.316965719997289
46,"0.5","rho0_shift",0.523562120871714,0.335739030023095,0.0319901655343268,0.425424442261821,0.841267687799319,0.474597979222997,0.0473710869266782,0.648191285283639,0.818,102,17,184,477,201,0.257692307692308,0.503703703703704,0.356643356643357,0.965587044534413,0.629370629370629,0.435114503816794,0.378973576856368,59.5276092345802,0.310852464859483
46,"0.5","rho0_SM",0.806229440789474,0.55329251530676,0.731794538361508,0.696313285762827,0.700502234714095,0.692109365631371,0.890093115554877,0.836843550221595,0.818,117,17,169,477,186,0.238461538461538,0.557142857142857,0.409090909090909,0.965587044534413,0.684563758389262,0.487084870848708,0.3638423262915,55.0537729078547,0.287490144964186
46,"0.75","rho0_1",0.951627906976744,0.564505637467476,0.745048665924168,0.69910555497437,0.951627906976744,0.564505637467476,0.745048665924168,0.69910555497437,0.828,104,13,182,481,195,0.25,0.516129032258065,0.363636363636364,0.973684210526316,0.609929078014184,0.465648854961832,0.365177467664542,56.0922014942698,0.29291280664703
46,"0.75","rho0_shift",0.627079747561675,0.483782701548318,0.56036784336992,0.492243175090451,0.863057616561326,0.643218871499984,0.961016707125518,0.700027848873447,0.848,94,6,192,488,198,0.253846153846154,0.487046632124352,0.328671328671329,0.987854251012146,0.569343065693431,0.441767068273092,0.36673619694167,56.2157200392035,0.29355781901427
46,"0.75","rho0_SM",0.53289872650091,0.532183954783882,0.658306308191233,0.564265284233107,0.870279259926547,0.668120818498376,0.942864816691287,0.893499365092369,0.821,120,17,166,477,183,0.234615384615385,0.567375886524823,0.41958041958042,0.965587044534413,0.648275862068965,0.525179856115108,0.361806695633965,54.2386624722269,0.28323364799907
46,"0.9","rho0_1",0.892843289371606,0.729981378026071,0.970172540381791,0.806229440789474,0.892843289371606,0.729981378026071,0.970172540381791,0.806229440789474,0.831,114,13,172,481,185,0.237179487179487,0.552058111380145,0.398601398601399,0.973684210526316,0.666666666666667,0.488721804511278,0.361705972737081,53.7461977906766,0.28066200331042
46,"0.9","rho0_shift",0.511859315351399,0.475106780565937,0.59014741448808,0.584670947030498,0.888795509799802,0.702682392916653,1,0.90753226738586,0.811,101,15,185,479,200,0.256410256410256,0.502487562189055,0.353146853146853,0.969635627530364,0.589928057553957,0.456273764258555,0.365986016570339,55.9098783378186,0.29196071730038
46,"0.9","rho0_SM",0.589305922293474,0.40200302783277,0.577760114022585,0.4875249500998,0.821681169360024,0.623071726156964,1,0.742863564846033,0.845,113,26,173,468,199,0.255128205128205,0.531764705882353,0.395104895104895,0.947368421052632,0.619718309859155,0.487632508833922,0.363665443326669,54.1044741725004,0.282532918299664
47,"CSDA","None",NA,NA,NA,NA,NA,NA,NA,NA,0.441,61,1,225,493,226,0.28974358974359,0.350574712643678,0.213286713286713,0.997975708502024,0.352941176470588,0.349344978165939,0.559114521330173,96.0436326679618,0.459245469831716
47,"0","rho0_1",0.586440756968397,0.410392197986577,0.410392197986577,0.488316881169561,0.586440756968397,0.410392197986577,0.410392197986577,0.488316881169561,0.822,145,37,141,457,178,0.228205128205128,0.61965811965812,0.506993006993007,0.925101214574899,0.727272727272727,0.56687898089172,0.38021585492311,64.8694367149837,0.310181884153462
47,"0.5","rho0_1",0.593555342597029,0.544991727122311,0.629364557912521,0.568835649723005,0.593555342597029,0.544991727122311,0.629364557912521,0.568835649723005,0.832,151,32,135,462,167,0.214102564102564,0.643923240938166,0.527972027972028,0.935222672064777,0.735483870967742,0.598726114649682,0.375500157268629,61.0614584522827,0.291973526995535
47,"0.5","rho0_shift",0.591467021591245,0.516827544600534,0,0.410681018422687,0.438384274759693,0.398421569766828,0,0.424895759178277,0.831,127,21,159,473,180,0.230769230769231,0.585253456221198,0.444055944055944,0.95748987854251,0.666666666666667,0.543554006968641,0.373156374641597,60.0600368310308,0.287185095631829
47,"0.5","rho0_SM",0.481432678485865,0.456121912769312,0.410392197986577,0.481432678485865,0.558898376972233,0.419428282317227,0.527236407406459,0.558898376972233,0.824,133,15,153,479,168,0.215384615384615,0.612903225806452,0.465034965034965,0.969635627530364,0.675675675675676,0.58041958041958,0.371824047831614,60.2309489537391,0.288002334796079
47,"0.75","rho0_1",0.872122762148338,0.745048665924168,1,0.806229440789474,0.872122762148338,0.745048665924168,1,0.806229440789474,0.829,147,19,139,475,158,0.202564102564103,0.650442477876106,0.513986013986014,0.961538461538462,0.735483870967742,0.606060606060606,0.373910340643883,59.3399105966649,0.283741715767358
47,"0.75","rho0_shift",0.453402012458074,0.456121912769312,0.361192121769007,0.414067835192352,0.562591272854723,0.422331351770483,0.459430234158426,0.570235975066785,0.835,138,27,148,467,175,0.224358974358974,0.611973392461197,0.482517482517482,0.945344129554656,0.710526315789474,0.561872909698997,0.37636682516099,61.3964959365446,0.29357555351824
47,"0.75","rho0_SM",0.589305922293474,0.447420519389775,0.476212155702254,0.636104992657856,0.821681169360024,0.447415831550501,0.582504325259516,0.727703070671526,0.816,146,31,140,463,171,0.219230769230769,0.630669546436285,0.510489510489511,0.937246963562753,0.767295597484277,0.559210526315789,0.373982115812956,61.5061231342679,0.294099750620393
47,"0.9","rho0_1",0.899620359050254,0.745048665924168,1,0.865083025830258,0.899620359050254,0.745048665924168,1,0.865083025830258,0.83,137,19,149,475,168,0.215384615384615,0.619909502262443,0.479020979020979,0.961538461538462,0.727272727272727,0.5625,0.372386607617965,58.6252501421715,0.280324471260076
47,"0.9","rho0_shift",0.650603545831762,0.384286775631501,0.519180855481728,0.634993654822335,0.670841434190894,0.501688418362691,0.59707190464791,0.65615261837805,0.823,135,20,151,474,171,0.219230769230769,0.612244897959184,0.472027972027972,0.959514170040486,0.693333333333333,0.570446735395189,0.369592192886439,59.9239599431916,0.286534425800285
47,"0.9","rho0_SM",0.580542068711204,0.532183954783882,0.603850818677987,0.508634994775982,0.852401110145496,0.668120818498376,0.870279259926547,0.852401110145496,0.841,156,26,130,468,156,0.2,0.666666666666667,0.545454545454545,0.947368421052632,0.751592356687898,0.62379421221865,0.374013577382972,59.0642548944086,0.282423631174159
48,"CSDA","None",NA,NA,NA,NA,NA,NA,NA,NA,0.523,56,0,230,494,230,0.294871794871795,0.327485380116959,0.195804195804196,1,0.280701754385965,0.350877192982456,0.573688507654382,111.778505197778,0.510885111976574
48,"0","rho0_1",0.558960486052597,0.434200673904905,0.244576446280992,0.467913479923518,0.558960486052597,0.434200673904905,0.244576446280992,0.467913479923518,0.825,144,17,142,477,159,0.203846153846154,0.644295302013423,0.503496503496504,0.965587044534413,0.675675675675676,0.62876254180602,0.344599924245921,56.7504847337566,0.259378828663262
48,"0.5","rho0_1",0.886001948684638,0.729981378026071,1,0.957865168539326,0.886001948684638,0.729981378026071,1,0.957865168539326,0.811,138,17,148,477,165,0.211538461538462,0.625850340136054,0.482517482517482,0.965587044534413,0.629370629370629,0.624161073825503,0.343003883177304,54.3814101237471,0.248550942342238
48,"0.5","rho0_shift",0.619817650094616,0.405802861685215,0.246203158531888,0.444014675979135,0.73566271059839,0.417383266575166,0.271383533322802,0.417450507105978,0.814,135,20,151,474,171,0.219230769230769,0.612244897959184,0.472027972027972,0.959514170040486,0.638888888888889,0.599326599326599,0.346443272324779,55.4959177657029,0.253644814016867
48,"0.5","rho0_SM",0.643292682926829,0.716720739915743,0.530685920577617,0.43927753066451,0.802043678621519,0.692815232528938,0.623071726156964,0.662370142362447,0.826,137,13,149,481,162,0.207692307692308,0.628440366972477,0.479020979020979,0.973684210526316,0.609929078014184,0.63728813559322,0.344674149319845,56.3089842986709,0.257360945181842
48,"0.75","rho0_1",0.892843289371606,0.729981378026071,1,0.872122762148338,0.892843289371606,0.729981378026071,1,0.872122762148338,0.808,150,19,136,475,155,0.198717948717949,0.659340659340659,0.524475524475524,0.961538461538462,0.675675675675676,0.651465798045603,0.344036752117659,54.1244758144656,0.247376620739568
48,"0.75","rho0_shift",0.627079747561675,0.565638467870805,0.614100897920605,0.466532010636122,0.863057616561326,0.728482760248271,0.966720236656095,0.670563098595048,0.817,140,15,146,479,161,0.206410256410256,0.634920634920635,0.48951048951049,0.969635627530364,0.648275862068965,0.628378378378378,0.342971455268258,55.4053879988201,0.253231046539754
48,"0.75","rho0_SM",0.665935320990623,0.745048665924168,0.658306308191233,0.668940609951846,0.75322227877354,0.853085545992101,0.942864816691287,0.714651545637461,0.832,160,21,126,473,147,0.188461538461538,0.685224839400428,0.559440559440559,0.95748987854251,0.693333333333333,0.681388012618297,0.347617382636203,54.5118910199437,0.249147306975548
48,"0.9","rho0_1",0.879095418352695,0.729981378026071,1,0.843551514341111,0.879095418352695,0.729981378026071,1,0.843551514341111,0.819,150,16,136,478,152,0.194871794871795,0.663716814159292,0.524475524475524,0.967611336032389,0.684563758389262,0.653465346534653,0.342915240016073,54.1669205428103,0.247570614922572
48,"0.9","rho0_shift",0.612659736476197,0.475106780565937,0.495976591075347,0.487330088941097,0.80881748315886,0.702682392916653,0.745188880969351,0.594145313006812,0.809,148,21,138,473,159,0.203846153846154,0.650549450549451,0.517482517482518,0.95748987854251,0.666666666666667,0.642857142857143,0.343215136305144,54.3880649167592,0.248581358160263
48,"0.9","rho0_SM",0.541376306620209,0.532183954783882,0.577760114022585,0.496817478066403,0.927068723702665,0.668120818498376,1,0.943312455403155,0.824,151,20,135,474,155,0.198717948717949,0.660831509846827,0.527972027972028,0.959514170040486,0.648275862068965,0.666666666666667,0.346543269908225,54.3866610427796,0.248574941735978
49,"CSDA","None",NA,NA,NA,NA,NA,NA,NA,NA,0.356,63,4,223,490,227,0.291025641025641,0.356940509915014,0.22027972027972,0.991902834008097,0.310344827586207,0.379746835443038,0.47922238371862,85.4806266761305,0.428345022091688
49,"0","rho0_1",0.524369151625349,0.450512008251068,0.315664194818273,0.487081583301515,0.524369151625349,0.450512008251068,0.315664194818273,0.487081583301515,0.831,129,32,157,462,189,0.242307692307692,0.577181208053691,0.451048951048951,0.935222672064777,0.619718309859155,0.557377049180328,0.353331938156173,56.7537614960232,0.284394162362742
49,"0.5","rho0_1",0.825021753317381,0.532183954783882,0.315664194818273,0.531348821520428,0.825021753317381,0.532183954783882,0.315664194818273,0.531348821520428,0.81,122,22,164,472,186,0.238461538461538,0.567441860465116,0.426573426573427,0.955465587044534,0.619718309859155,0.541666666666667,0.35512414475952,57.5279927454557,0.288273849661933
49,"0.5","rho0_shift",0.527437325905292,0.360273327049953,0.301283965362795,0.39308105687416,0.821474251093908,0.461977407709328,0.393513033175355,0.598268588022574,0.84,117,25,169,469,194,0.248717948717949,0.546728971962617,0.409090909090909,0.949392712550607,0.579710144927536,0.531034482758621,0.355843486420539,57.2893775663726,0.287078144528148
49,"0.5","rho0_SM",0.658306308191233,0.532183954783882,0.532183954783882,0.645398481973435,0.942864816691287,0.668120818498376,0.668120818498376,0.932898278214062,0.824,134,26,152,468,178,0.228205128205128,0.600896860986547,0.468531468531469,0.947368421052632,0.666666666666667,0.568561872909699,0.357529721921,57.7731757134266,0.289502466108907
49,"0.75","rho0_1",0.970172540381791,0.657301121195942,1,0.945333914776975,0.970172540381791,0.657301121195942,1,0.945333914776975,0.825,127,27,159,467,186,0.238461538461538,0.577272727272727,0.444055944055944,0.945344129554656,0.629370629370629,0.552188552188552,0.357359473991307,56.7003641247603,0.284126587134733
49,"0.75","rho0_shift",0.39941079319734,0.363230226780992,0.0319901655343268,0.386462430138688,0.603771111450982,0.507900988732589,0.0473710869266782,0.488355537475847,0.826,128,27,158,467,185,0.237179487179487,0.580498866213152,0.447552447552448,0.945344129554656,0.638888888888889,0.552188552188552,0.356347995970425,59.3061969134154,0.297184464069266
49,"0.75","rho0_SM",0.534514715794204,0.55329251530676,0.577760114022585,0.496817478066403,0.969623408149754,0.692109365631371,1,0.943312455403155,0.824,143,20,143,474,163,0.208974358974359,0.636971046770601,0.5,0.959514170040486,0.657534246575342,0.627062706270627,0.359956838869213,58.6953991182438,0.294123744871949
49,"0.9","rho0_1",0.912985274431058,0.729981378026071,1,0.879095418352695,0.912985274431058,0.729981378026071,1,0.879095418352695,0.815,134,27,152,467,179,0.229487179487179,0.599552572706935,0.468531468531469,0.945344129554656,0.657534246575342,0.571428571428571,0.357309472442179,59.0562901957561,0.295932176824085
49,"0.9","rho0_shift",0.694024593313693,0.565754698512138,0.576961744007619,0.684900353103118,0.856483540072678,0.804760599306292,0.89493804038279,0.713664632039618,0.83,122,23,164,471,187,0.23974358974359,0.566125290023202,0.426573426573427,0.953441295546559,0.548148148148148,0.574324324324324,0.357704079698103,56.6986295282588,0.28411789503916
49,"0.9","rho0_SM",0.534514715794204,0.745048665924168,0.563577586206897,0.541869441181406,0.969623408149754,0.853085545992101,0.990014977533699,0.974774914622788,0.83,142,33,144,461,177,0.226923076923077,0.616052060737527,0.496503496503497,0.933198380566802,0.684563758389262,0.583333333333333,0.359746916175178,60.3590945894767,0.302460554054211
50,"CSDA","None",NA,NA,NA,NA,NA,NA,NA,NA,0.326,31,0,255,494,255,0.326923076923077,0.195583596214511,0.108391608391608,1,0.185185185185185,0.200956937799043,0.610778579962082,114.812440448545,0.570651964285253
50,"0","rho0_1",0.435328185328185,0.410584743899758,0.410584743899758,0.429045481163381,0.435328185328185,0.410584743899758,0.410584743899758,0.429045481163381,0.84,94,9,192,485,201,0.257692307692308,0.483290488431877,0.328671328671329,0.981781376518219,0.548148148148148,0.448818897637795,0.339468748896387,65.4817357149968,0.325463695089014
50,"0.5","rho0_1",0.864685132712658,0.544991727122311,0.544991727122311,0.503861090032585,0.864685132712658,0.544991727122311,0.544991727122311,0.503861090032585,0.825,107,14,179,480,193,0.247435897435897,0.525798525798526,0.374125874125874,0.97165991902834,0.558823529411765,0.509225092250922,0.349898458971541,68.3655327501409,0.339797023744653
50,"0.5","rho0_shift",0.503358276235124,0.416823751178134,0.00495512494462402,0.450617562206996,0.466748999327372,0.343193199021777,-0.00509623924104215,0.518353934876336,0.821,105,10,181,484,191,0.244871794871795,0.523690773067332,0.367132867132867,0.979757085020243,0.526315789473684,0.522388059701492,0.351723525938013,68.4613555196332,0.340273291398405
50,"0.5","rho0_SM",0.649784482758621,0.532183954783882,0.465573217523296,0.645398481973435,0.870194707938093,0.668120818498376,0.70449769659743,0.932898278214062,0.838,123,15,163,479,178,0.228205128205128,0.580188679245283,0.43006993006993,0.969635627530364,0.629370629370629,0.555160142348754,0.335856754893714,62.3137340493251,0.30971778492186
50,"0.75","rho0_1",0.906334059177661,0.729981378026071,0.970172540381791,0.828843427182499,0.906334059177661,0.729981378026071,0.970172540381791,0.828843427182499,0.833,110,11,176,483,187,0.23974358974359,0.540540540540541,0.384615384615385,0.977732793522267,0.629370629370629,0.492424242424242,0.339734301392168,66.0827411628704,0.328450870851809
50,"0.75","rho0_shift",0.536760674910154,0.40121574197861,0.392353481682714,0.426670653311407,0.720336006556225,0.543911121141556,0.543774452942217,0.579180912199025,0.842,112,12,174,482,186,0.238461538461538,0.546341463414634,0.391608391608392,0.975708502024291,0.569343065693431,0.534798534798535,0.34051809089699,64.5639969519713,0.320902260580913
50,"0.75","rho0_SM",0.630054366292898,0.544991727122311,0.469874458491734,0.426715349234198,0.836843550221595,0.647406594746145,0.687733751935861,0.576029945756937,0.83,124,19,162,475,181,0.232051282051282,0.578088578088578,0.433566433566434,0.961538461538462,0.589928057553957,0.572413793103448,0.334871147884289,60.7007513820016,0.301700781504196
50,"0.9","rho0_1",0.892843289371606,0.544991727122311,0.932572614107884,0.798539844341897,0.892843289371606,0.544991727122311,0.932572614107884,0.798539844341897,0.829,117,11,169,483,180,0.230769230769231,0.565217391304348,0.409090909090909,0.977732793522267,0.638888888888889,0.525925925925926,0.336816450815077,62.0940375815147,0.308625828158178
50,"0.9","rho0_shift",0.694024593313693,0.577821659687857,0.665929479192624,0.577357047236565,0.856483540072678,0.665045670314876,0.895093922321682,0.863057616561326,0.844,87,8,199,486,207,0.265384615384615,0.456692913385827,0.304195804195804,0.983805668016194,0.548148148148148,0.40650406504065,0.349259107322537,66.7907493088117,0.331969881837316
50,"0.9","rho0_SM",0.533465264650284,0.532183954783882,0.577760114022585,0.426434695537893,0.904853553082772,0.668120818498376,1,0.827919952176265,0.818,125,15,161,479,176,0.225641025641026,0.586854460093897,0.437062937062937,0.969635627530364,0.648275862068965,0.555160142348754,0.331971107345468,61.1157614136682,0.303763504749547
